timestamp,x,y,z
32912347239,0.22998,-0.359863,0.883301
32912370006,0.222656,-0.359375,0.878906
32912393003,0.224609,-0.354492,0.864258
32912408648,0.230469,-0.362305,0.879883
32912430133,0.222168,-0.347168,0.871582
32912452863,0.221191,-0.353027,0.874023
32912499532,0.227051,-0.361816,0.876953
32912501443,0.219238,-0.349609,0.87207
32912513640,0.224121,-0.361816,0.876465
32912531605,0.224121,-0.356934,0.871094
32912551530,0.220703,-0.358398,0.874512
32912580708,0.224609,-0.358887,0.867188
32912624824,0.220703,-0.352539,0.870605
32912635105,0.225098,-0.353027,0.875488
32912635743,0.223145,-0.359375,0.876465
32912648722,0.224121,-0.355469,0.873535
32912669952,0.223145,-0.356934,0.869629
32912686308,0.22168,-0.357422,0.874512
32912710450,0.225586,-0.367676,0.873535
32912729877,0.226562,-0.358887,0.874023
32912747909,0.224121,-0.35498,0.875488
32912770456,0.220215,-0.351562,0.874023
32912789931,0.222656,-0.36084,0.87207
32912807909,0.227051,-0.347656,0.87207
32912830413,0.222168,-0.356934,0.870605
32912849917,0.22168,-0.361328,0.871582
32912867919,0.224121,-0.361816,0.875
32912890334,0.228027,-0.365723,0.87207
32912909986,0.224121,-0.365234,0.875977
32912927869,0.228516,-0.352539,0.878906
32912950465,0.22168,-0.355957,0.867676
32912969847,0.221191,-0.349121,0.87207
32912995454,0.222656,-0.355469,0.874023
32913010346,0.224609,-0.364258,0.865234
32913029901,0.222168,-0.362793,0.871094
32913047769,0.223633,-0.361328,0.870605
32913070342,0.226074,-0.36084,0.878418
32913091467,0.224121,-0.35498,0.873535
32913107957,0.225098,-0.359863,0.87207
32913130453,0.226074,-0.358887,0.871094
32913151248,0.221191,-0.354004,0.871582
32913167749,0.214355,-0.356445,0.874512
32913190454,0.227051,-0.359863,0.875977
32913210638,0.225098,-0.36084,0.874023
32913227114,0.229492,-0.367188,0.87793
32913249521,0.222168,-0.356445,0.870117
32913272131,0.224609,-0.361328,0.878906
32913286977,0.224609,-0.353516,0.874023
32913309579,0.21875,-0.363281,0.871582
32913330514,0.227051,-0.365723,0.880371
32913346945,0.226074,-0.355469,0.871094
32913369633,0.223633,-0.362305,0.874023
32913390691,0.226562,-0.355957,0.865234
32913407050,0.224121,-0.359863,0.873047
32913429551,0.225098,-0.361328,0.87207
32913450698,0.226074,-0.359863,0.871582
32913466949,0.223145,-0.355957,0.867676
32913489491,0.223633,-0.361328,0.873535
32913512023,0.222656,-0.364746,0.879395
32913527089,0.222168,-0.356445,0.873047
32913549464,0.223633,-0.36084,0.87207
32913571927,0.224609,-0.366699,0.873047
32913586961,0.226074,-0.366699,0.868164
32913615489,0.226562,-0.366211,0.868652
32913632011,0.221191,-0.360352,0.870605
32913654526,0.225098,-0.367188,0.875
32913675592,0.229004,-0.365723,0.874512
32913691991,0.220703,-0.350586,0.876953
32913714525,0.222168,-0.356934,0.875488
32913735633,0.224609,-0.359863,0.874023
32913752019,0.223145,-0.364258,0.877441
32913774548,0.227539,-0.359863,0.875
32913795734,0.227051,-0.357422,0.871582
32913812007,0.224609,-0.356445,0.869629
32913834493,0.224121,-0.358887,0.875488
32913855675,0.220703,-0.354492,0.876953
32913872050,0.227051,-0.361328,0.875
32913894565,0.225586,-0.362305,0.877441
32913915773,0.220703,-0.352539,0.874023
32913931998,0.22168,-0.352539,0.873047
32913954510,0.221191,-0.357422,0.874023
32913975677,0.222656,-0.36377,0.867676
32913992019,0.232422,-0.364258,0.876953
32914014454,0.223145,-0.347656,0.876953
32914036983,0.221191,-0.35498,0.875
32914052059,0.222656,-0.361328,0.875488
32914074546,0.226562,-0.359375,0.872559
32914097019,0.227051,-0.359863,0.877441
32914112074,0.223145,-0.368652,0.871582
32914134546,0.220703,-0.364746,0.876465
32914157089,0.21582,-0.393066,0.850586
32914171364,0.222656,-0.430176,0.887207
32914194621,0.304688,-0.260254,1.03223
32914217017,0.338379,-0.339355,1.15625
32914231352,0.458984,-0.45752,1.1167
32914254562,0.495117,-0.592773,1.19141
32914277190,0.241699,-0.365234,0.89209
32914298165,-0.141602,-0.676758,0.92041
32914314640,0.241211,-0.491699,0.782227
32914337043,0.147949,-0.40918,0.710449
32914358207,0.0620117,-0.59668,0.744629
32914382077,0.0532227,-0.540527,0.797363
32914397068,-0.0292969,-0.407227,0.785645
32914418179,-0.117676,-0.394043,0.793457
32914434558,-0.0883789,-0.370605,0.825684
32914457022,-0.108887,-0.447266,0.823242
32914478278,-0.186035,-0.441406,0.742676
32914494522,-0.249023,-0.307129,0.654297
32914517037,-0.276367,-0.272461,0.716309
32914538055,-0.283203,-0.20459,0.708008
32914554594,-0.388672,-0.0756836,0.748535
32914577049,-0.194336,-0.338379,0.86377
32914598023,-0.200195,-0.275879,0.89209
32914614479,-0.151855,-0.367676,0.927246
32914637014,-0.135254,-0.299805,0.883301
32914658015,-0.171875,-0.337402,0.889648
32914674516,-0.131836,-0.342773,0.857422
32914697020,-0.179688,-0.376465,0.850586
32914718077,-0.151367,-0.404785,0.897949
32914734002,-0.126953,-0.42041,0.89209
32914757056,-0.133301,-0.408691,0.901855
32914778230,-0.127441,-0.391602,0.903809
32914794553,-0.116211,-0.429199,0.869141
32914816970,-0.136719,-0.428711,0.869629
32914838226,-0.132812,-0.402832,0.852051
32914853883,-0.134766,-0.393555,0.86377
32914876999,-0.143555,-0.414551,0.854004
32914898175,-0.148438,-0.448242,0.828125
32914913962,-0.141113,-0.425781,0.809082
32914937130,-0.155273,-0.444336,0.813477
32914959569,-0.149414,-0.464355,0.82373
32914973917,-0.126953,-0.443359,0.84375
32914997775,-0.120117,-0.446289,0.837402
32915019464,-0.108887,-0.42334,0.84375
32915033865,-0.0996094,-0.40332,0.820312
32915057071,-0.0839844,-0.415039,0.834473
32915082454,-0.065918,-0.441895,0.844727
32915086758,-0.0537109,-0.430176,0.84082
32915108994,-0.0473633,-0.437988,0.829102
32915130758,0.241211,-0.353516,0.781738
32915146457,0.692871,-0.339844,1.27979
32915168846,0.500488,-0.280273,1.56592
32915192224,-0.0698242,-0.541992,1.12549
32915206401,-0.510254,-0.688965,-0.0444336
32915228920,0.32373,-0.309082,0.785156
32915252629,0.577637,-0.265137,1.76953
32915266467,0.0498047,-0.669922,1.03662
32915289015,0.442383,-0.496582,0.937012
32915312012,0.234375,-0.370117,0.956543
32915326513,0.189453,-0.459473,0.970215
32915348930,0.241699,-0.503418,0.965332
32915372210,0.199707,-0.434082,0.89502
32915386393,0.244629,-0.402344,0.911133
32915408965,0.462402,-0.342773,1.24707
32915432122,-0.22168,-0.472656,0.316895
32915446535,-0.416504,-0.582031,0.329102
32915470376,0.77002,-0.191406,1.0293
32915492515,0.632812,-0.382324,1.18848
32915506437,0.0161133,-0.532227,1.02832
32915528973,-0.377441,-0.544434,0.837402
32915552513,-0.533203,-0.52832,0.677246
32915566429,-0.48877,-0.453125,0.569824
32915588974,-0.287109,-0.320801,0.541992
32915612107,0.043457,-0.338379,0.57959
32915625786,0.426758,-0.231445,0.699707
32915648345,0.739258,-0.218262,0.871582
32915662635,0.923828,-0.248047,1.02734
32915685799,0.900391,-0.320801,1.14551
32915708255,0.681152,-0.424316,1.19775
32915722607,0.312012,-0.500488,1.13867
32915745667,0.0927734,-0.523926,1.04639
32915768306,0.411133,-0.388184,0.907227
32915782476,0.187988,-0.384766,0.881836
32915813919,0.205566,-0.376465,0.869629
32915820192,0.212402,-0.382812,0.870605
32915842605,0.215332,-0.380371,0.871094
32915865782,0.208496,-0.381348,0.868652
32915880089,0.219727,-0.375,0.878418
32915902653,0.208008,-0.374512,0.878418
32915925908,0.219727,-0.370117,0.881836
32915940155,0.215332,-0.357422,0.901367
32915962750,0.22998,-0.344727,0.931641
32915985157,0.259766,-0.370605,0.963867
32916007486,0.302734,-0.397461,1.01025
32916022474,0.277832,-0.32373,0.993652
32916046539,0.322754,-0.393555,1.02197
32916070526,0.242676,-0.583496,1.02051
32916082486,0.189453,-0.720703,0.996094
32916104959,0.154297,-0.506836,0.970703
32916127681,0.0991211,-0.265137,0.930664
32916142542,0.00683594,-0.203125,0.835449
32916164967,0.0200195,-0.345703,0.795898
32916187668,-0.0229492,-0.459961,0.789062
32916202544,-0.0444336,-0.512207,0.732422
32916225163,-0.0683594,-0.537598,0.696289
32916242900,-0.122559,-0.424316,0.708008
32916262485,-0.172363,-0.344727,0.725586
32916292654,-0.223145,-0.3125,0.792969
32916302880,-0.271484,-0.274902,0.819336
32916322627,-0.260254,-0.243652,0.760254
32916345160,-0.252441,-0.32959,0.830078
32916362882,-0.22168,-0.423828,0.830566
32916383979,-0.211914,-0.427734,0.808594
32916405000,-0.199219,-0.465332,0.8125
32916423111,-0.179199,-0.487305,0.745117
32916442489,-0.149902,-0.556641,0.714844
32916465161,-0.137207,-0.55127,0.769043
32916482945,-0.20166,-0.38916,0.936035
32916504144,-0.154297,-0.354492,1.01123
32916525052,-0.108398,-0.412109,0.980957
32916542937,-0.12207,-0.376953,0.929199
32916564044,-0.150391,-0.298828,0.882324
32916585130,-0.157227,-0.358398,0.879883
32916605798,-0.144043,-0.355957,0.926758
32916626814,-0.134766,-0.382324,0.893555
32916645147,-0.292969,-0.439941,0.630859
32916660003,-0.986816,-0.726074,0.548828
32916682680,-0.116211,-0.608887,1.0542
32916705011,-0.758789,-0.628418,0.208984
32916720058,-0.45166,-0.375977,0.263672
32916742667,0.396973,-0.168945,1.62549
32916765147,-0.268555,-0.499512,1.2041
32916780100,-0.724609,-0.507812,-0.0551758
32916802674,-0.264648,-0.336426,0.687988
32916825127,-0.179199,-0.5,0.834961
32916839989,-0.139648,-0.456543,0.80127
32916862528,-0.188477,-0.36377,0.819824
32916885149,-0.178223,-0.369629,0.893555
32916901519,-0.120117,-0.479004,0.973633
32916922633,-0.0327148,-0.418945,0.752441
32916945145,0.424805,-0.174805,1.27637
32916961599,-0.200684,-0.119629,0.834473
32916982622,-0.277344,-0.384277,0.995605
32917005083,-0.180176,-0.395996,0.84082
32917021490,-0.137207,-0.478516,0.827637
32917042728,-0.172852,-0.450684,0.831055
32917065122,-0.201172,-0.403809,0.828613
32917081695,-0.20752,-0.378906,0.869629
32917102727,-0.188477,-0.422363,0.90918
32917125001,-0.15625,-0.43457,0.896484
32917141471,-0.144043,-0.273926,0.888672
32917162608,-0.21875,-0.272949,0.890625
32917185162,-0.184082,-0.390625,0.888672
32917201544,-0.155762,-0.467773,0.893555
32917222633,-0.205566,-0.430176,0.777344
32917245150,-0.251465,-0.549805,0.630859
32917261543,-0.187988,-0.708496,0.645996
32917282679,-0.178223,-0.744141,0.799805
32917305046,-0.174316,-0.603027,0.855957
32917321691,-0.194824,-0.568848,0.874512
32917342724,-0.16748,-0.421387,0.898438
32917365163,-0.196777,-0.0883789,0.849609
32917381439,-0.278809,-0.187988,0.864746
32917402735,-0.184082,-0.48584,0.796387
32917425089,-0.166016,-0.729004,0.72998
32917441523,-0.194824,-0.739746,0.681152
32917462563,-0.266113,-0.628418,0.651367
32917485193,-0.262695,-0.602539,0.688965
32917502116,-0.235352,-0.614746,0.77832
32917524843,-0.20752,-0.586914,0.84668
32917545846,-0.213867,-0.53418,0.810059
32917561611,-0.233398,-0.533203,0.756348
32917584697,-0.234863,-0.566895,0.705078
32917605908,-0.217285,-0.606934,0.714355
32917622415,-0.212402,-0.635742,0.704102
32917644848,-0.235352,-0.650391,0.696777
32917665809,-0.249023,-0.641602,0.706543
32917682219,-0.253418,-0.621582,0.73877
32917711965,-0.261719,-0.556152,0.755371
32917725880,-0.252441,-0.521973,0.768066
32917741556,-0.247559,-0.54834,0.770996
32917764690,-0.233887,-0.594238,0.771484
32917787245,-0.211914,-0.60791,0.792969
32917801502,-0.208008,-0.5625,0.766602
32917826311,-0.236328,-0.51123,0.788574
32917847254,-0.233398,-0.471191,0.795898
32917861552,-0.231445,-0.476074,0.807617
32917884749,-0.229004,-0.509766,0.82666
32917907241,-0.208496,-0.509766,0.836914
32917921543,-0.215332,-0.472656,0.83252
32917944867,-0.219727,-0.435547,0.842773
32917967274,-0.227051,-0.401855,0.854004
32917981572,-0.22998,-0.36084,0.864258
32918004646,-0.219238,-0.343262,0.879395
32918027368,-0.22998,-0.334961,0.876465
32918041550,-0.243652,-0.325195,0.861816
32918064714,-0.233887,-0.32373,0.86377
32918087357,-0.251953,-0.310547,0.874023
32918108271,-0.245605,-0.306641,0.865234
32918124806,-0.236328,-0.322266,0.863281
32918147212,-0.251465,-0.34375,0.871582
32918161540,-0.247559,-0.327148,0.869141
32918184859,-0.241699,-0.34082,0.867676
32918207212,-0.245605,-0.342773,0.870605
32918221583,-0.246094,-0.351074,0.86377
32918244861,-0.246582,-0.363281,0.865723
32918267404,-0.228516,-0.374023,0.868652
32918281502,-0.237305,-0.359863,0.878906
32918310900,-0.231934,-0.352539,0.875488
32918327162,-0.245117,-0.352051,0.850586
32918348453,-0.242676,-0.348633,0.863281
32918364703,-0.233398,-0.346191,0.873047
32918387271,-0.236816,-0.341309,0.881836
32918408401,-0.240723,-0.351074,0.874023
32918424798,-0.237793,-0.347656,0.86377
32918447239,-0.22998,-0.354492,0.889648
32918468517,-0.212891,-0.374512,0.904297
32918484691,-0.22998,-0.357422,0.937012
32918507343,-0.18457,-0.406738,0.908203
32918528365,-0.25,-0.320312,0.836914
32918544756,-0.274902,-0.288086,0.865234
32918567326,-0.192871,-0.408691,0.899902
32918588456,-0.240723,-0.340332,0.813477
32918604775,-0.3125,-0.319824,0.831055
32918627348,-0.199707,-0.407227,0.891602
32918648336,-0.265137,-0.342773,0.873047
32918664275,-0.279297,-0.272461,0.86377
32918681847,-0.22998,-0.357422,0.937012
32918688422,-0.18457,-0.406738,0.908203
32918693489,-0.259277,-0.265625,0.813965
32918708455,-0.413086,-0.338379,0.794922
32918724171,-0.219727,-0.245117,0.519531
32918747308,-0.423828,-0.44043,1.20654
32918769749,0.605469,-0.09375,0.88623
32918784788,-0.263672,-0.152832,0.53125
32918807254,-0.969727,-0.323242,0.469238
32918829794,-1.09814,-0.380859,0.568848
32918851005,-1.03076,-0.458984,0.70459
32918867324,-0.92041,-0.575195,0.826172
32918889838,-0.863281,-0.587891,0.865234
32918904101,-0.930664,-0.513672,0.757812
32918927396,-0.992676,-0.489746,0.671387
32918949749,-0.989746,-0.484863,0.616699
32918964148,-1.03174,-0.424805,0.549316
32918987246,-0.964355,-0.404297,0.550781
32919009675,-0.338379,-0.361816,0.830078
32919030795,-0.205566,-0.349121,0.832031
32919047252,-0.262695,-0.418457,0.758301
32919069847,-0.248047,-0.415039,0.735352
32919098419,-0.205078,-0.461914,0.871094
32919107248,-0.191406,-0.472168,0.926758
32919129858,-0.183594,-0.462891,0.964355
32919150915,-0.19873,-0.447754,0.900391
32919167257,-0.212891,-0.432129,0.810059
32919189829,-0.267578,-0.42041,0.802246
32919204096,-0.246582,-0.42627,0.829102
32919227107,-0.206055,-0.417969,0.834961
32919249930,-0.208496,-0.416504,0.849121
32919270932,-0.272949,-0.414062,0.833496
32919287410,-0.256836,-0.399902,0.803711
32919309753,-0.217285,-0.40332,0.827637
32919330938,-0.200684,-0.456055,0.853027
32919347266,-0.217773,-0.490234,0.853027
32919377258,-0.225098,-0.464355,0.833008
32919391095,-0.223145,-0.441406,0.837891
32919407333,-0.231934,-0.415527,0.836426
32919429719,-0.227051,-0.42334,0.852539
32919450791,-0.195801,-0.447754,0.860352
32919467263,-0.213379,-0.441895,0.836426
32919489727,-0.220703,-0.433594,0.833984
32919513673,-0.222168,-0.416992,0.84375
32919527238,-0.220215,-0.427734,0.848633
32919549706,-0.22168,-0.430664,0.850098
32919570787,-0.227051,-0.437988,0.839844
32919587310,-0.226074,-0.447754,0.828613
32919609737,-0.224609,-0.441895,0.831543
32919630751,-0.220703,-0.44043,0.843262
32919654767,-0.220215,-0.429199,0.833008
32919669750,-0.216309,-0.429199,0.836914
32919692235,-0.227051,-0.446289,0.832031
32919707258,-0.225586,-0.456543,0.831543
32919729752,-0.213867,-0.449707,0.842285
32919752244,-0.213379,-0.437988,0.852051
32919767288,-0.220215,-0.425293,0.838379
32919789744,-0.212891,-0.424805,0.848633
32919812398,-0.211914,-0.441406,0.842285
32919827372,-0.214844,-0.441895,0.836914
32919849821,-0.21875,-0.44043,0.844727
32919872365,-0.222168,-0.427734,0.833984
32919886734,-0.224609,-0.418945,0.831543
32919909866,-0.22168,-0.442383,0.834473
32919932343,-0.21875,-0.445801,0.838867
32919946664,-0.21875,-0.441406,0.844727
32919969845,-0.212891,-0.430664,0.846191
32919992322,-0.217773,-0.435059,0.841309
32920006654,-0.213867,-0.432129,0.84082
32920029771,-0.215332,-0.440918,0.843262
32920052296,-0.216309,-0.445801,0.844238
32920066633,-0.222656,-0.443848,0.842285
32920089849,-0.217285,-0.438965,0.837891
32920112366,-0.212402,-0.443359,0.845703
32920133443,-0.209473,-0.437012,0.842285
32920149844,-0.222656,-0.427734,0.838379
32920172287,-0.221191,-0.438477,0.836426
32920193341,-0.234375,-0.452148,0.823242
32920209771,-0.210938,-0.569336,0.814453
32920232304,-0.133789,-0.573242,0.929688
32920253384,-0.13916,-0.42041,0.930176
32920269920,-0.214844,-0.387695,0.866699
32920292252,-0.375977,-0.301758,0.802734
32920313298,-0.328125,-0.358887,0.763184
32920329798,-0.199219,-0.345703,0.803711
32920352433,-0.175293,-0.359863,0.756348
32920373350,-0.277344,-0.398438,0.852539
32920389946,-0.199219,-0.429688,0.870605
32920412331,-0.253906,-0.307617,0.92334
32920433487,-0.227539,-0.371094,0.885254
32920449809,-0.306641,-0.338379,0.864746
32920455320,-0.240234,-0.341797,0.867188
32920477824,-0.241699,-0.358887,0.876953
32920509068,-0.237305,-0.34668,0.854492
32920515206,-0.21875,-0.319824,0.854004
32920537796,-0.241699,-0.308105,0.847656
32920560267,-0.253418,-0.307617,0.838867
32920575300,-0.268555,-0.335938,0.890625
32920597739,-0.230957,-0.400879,0.879395
32920620331,-0.267578,-0.330078,0.841797
32920635289,-0.239746,-0.347656,0.874023
32920657734,-0.240723,-0.366211,0.857422
32920680387,-0.258789,-0.35791,0.835938
32920695213,-0.227051,-0.394043,0.89209
32920717704,-0.19873,-0.389648,0.880859
32920740206,-0.242188,-0.400879,0.890137
32920755167,-0.224609,-0.349609,0.862305
32920777723,-0.253418,-0.345703,0.856445
32920795702,-0.243652,-0.367188,0.863281
32920815243,-0.229492,-0.374512,0.870605
32920837752,-0.232422,-0.380859,0.881836
32920855808,-0.236328,-0.346191,0.86084
32920875408,-0.244629,-0.346191,0.857422
32920897807,-0.232422,-0.367188,0.868164
32920915665,-0.252441,-0.354004,0.844727
32920935322,-0.270996,-0.338379,0.830078
32920957926,-0.240234,-0.370605,0.835938
32920980401,-0.220215,-0.350586,0.87793
32920995219,-0.225098,-0.388184,0.874023
32921020636,-0.206543,-0.422363,0.901855
32921041807,-0.197754,-0.44873,0.855957
32921055430,-0.213867,-0.416992,0.802734
32921085248,-0.244629,-0.387695,0.811035
32921100391,-0.252441,-0.40332,0.844727
32921115432,-0.223145,-0.453125,0.864746
32921140761,-0.201172,-0.459961,0.899902
32921155647,-0.223145,-0.433105,0.871582
32921175325,-0.245117,-0.375,0.837891
32921197822,-0.217285,-0.37207,0.824219
32921215656,-0.218262,-0.411133,0.825195
32921235405,-0.212402,-0.45459,0.84375
32921257744,-0.216797,-0.46582,0.844727
32921275619,-0.228027,-0.440918,0.841797
32921296683,-0.236816,-0.405273,0.836914
32921317899,-0.242676,-0.391113,0.810059
32921335719,-0.226074,-0.409668,0.818359
32921356843,-0.220215,-0.437012,0.824707
32921377762,-0.222656,-0.44043,0.819824
32921395647,-0.227051,-0.40332,0.801758
32921418278,-0.239258,-0.445312,0.780762
32921437784,-0.230957,-0.482422,0.773926
32921455623,-0.200684,-0.486328,0.800293
32921476670,-0.207031,-0.465332,0.787598
32921497772,-0.187988,-0.444824,0.790039
32921515619,-0.182617,-0.430176,0.780273
32921536878,-0.164062,-0.396484,0.774414
32921557803,-0.117676,-0.433105,0.789062
32921575707,-0.112793,-0.447266,0.796387
32921598176,-0.0917969,-0.428223,0.806641
32921617888,-0.0595703,-0.432617,0.830078
32921635742,-0.0170898,-0.475586,0.861816
32921658327,0.0117188,-0.491699,0.857422
32921677857,0.027832,-0.446289,0.862305
32921695832,0.0751953,-0.450195,0.852539
32921718376,0.0942383,-0.456055,0.847168
32921737807,0.101074,-0.452637,0.827637
32921755815,0.117188,-0.433594,0.849609
32921778310,0.171387,-0.613281,0.874512
32921797784,0.235352,-0.530762,0.979492
32921815712,0.137207,-0.375,0.95459
32921838148,0.229004,-0.456543,0.928711
32921859294,0.245605,-0.569824,0.959473
32921875700,0.228516,-0.475098,0.90625
32921898162,0.195312,-0.322266,0.856445
32921917893,0.24707,-0.347168,0.882324
32921935726,0.224609,-0.342773,0.887207
32921958290,0.238281,-0.348633,0.875977
32921977889,0.227539,-0.368164,0.890625
32921994875,0.241211,-0.304199,0.883789
32922017368,0.211426,-0.335938,0.890625
32922038541,0.227051,-0.320312,0.891602
32922054968,0.219727,-0.32373,0.882324
32922077474,0.227539,-0.34375,0.891602
32922098637,0.230957,-0.321777,0.884766
32922114990,0.231934,-0.313477,0.883301
32922137383,0.214355,-0.338379,0.872559
32922158437,0.239746,-0.368164,0.882324
32922175079,0.228516,-0.35791,0.881348
32922197413,0.219238,-0.364258,0.875977
32922218545,0.223145,-0.362305,0.874023
32922234874,0.213379,-0.343262,0.871094
32922257372,0.225586,-0.355957,0.871582
32922278516,0.222168,-0.398926,0.879395
32922294986,0.236328,-0.380371,0.867676
32922317521,0.214355,-0.35791,0.857422
32922338629,0.234375,-0.354004,0.876953
32922354952,0.226074,-0.320801,0.871582
32922377576,0.214844,-0.367188,0.869629
32922398497,0.222168,-0.395508,0.869141
32922414900,0.227051,-0.375,0.863281
32922437378,0.237305,-0.342285,0.883301
32922458599,0.214355,-0.317383,0.875488
32922475087,0.251953,-0.356445,0.878906
32922497419,0.220215,-0.322754,0.881348
32922518387,0.232422,-0.327637,0.878906
32922534867,0.223145,-0.357422,0.869141
32922557421,0.236328,-0.380859,0.884277
32922579866,0.232422,-0.382324,0.856934
32922594961,0.229004,-0.380371,0.864746
32922617595,0.231445,-0.365723,0.863281
32922640003,0.224609,-0.36377,0.878906
32922654923,0.228027,-0.340332,0.870117
32922677404,0.219727,-0.342285,0.879395
32922708531,0.227539,-0.351074,0.871582
32922714200,0.235352,-0.368652,0.876465
32922737466,0.229004,-0.355469,0.875977
32922759949,0.226074,-0.349609,0.875
32922774534,0.229004,-0.359375,0.870605
32922797437,0.223145,-0.37207,0.87207
32922819883,0.225586,-0.36084,0.871094
32922834336,0.226562,-0.352539,0.872559
32922857432,0.229492,-0.364258,0.871094
32922880094,0.231934,-0.356934,0.873535
32922894363,0.231934,-0.365234,0.869629
32922917556,0.229492,-0.36084,0.863281
32922939924,0.234863,-0.364746,0.871582
32922954341,0.227051,-0.349609,0.864258
32922985016,0.226562,-0.359375,0.871582
32923000097,0.233887,-0.352539,0.869141
32923014262,0.225586,-0.362305,0.868652
32923037540,0.235352,-0.359375,0.870605
32923060010,0.226074,-0.352539,0.875488
32923081158,0.231934,-0.365234,0.872559
32923097635,0.223633,-0.349609,0.871094
32923120000,0.221191,-0.345215,0.873535
32923141184,0.236816,-0.352051,0.879395
32923157567,0.230957,-0.353027,0.865234
32923179995,0.227539,-0.344727,0.870117
32923201001,0.228516,-0.356934,0.875977
32923217627,0.230957,-0.355957,0.871094
32923240018,0.226562,-0.356934,0.869141
32923262498,0.233887,-0.365723,0.877441
32923277631,0.234375,-0.355957,0.867188
32923300106,0.228027,-0.362793,0.868164
32923321143,0.237305,-0.355957,0.876465
32923337530,0.227539,-0.344238,0.871582
32923360018,0.231445,-0.352051,0.878418
32923381090,0.231445,-0.356934,0.874512
32923397520,0.233398,-0.356445,0.876465
32923420050,0.229492,-0.349609,0.871094
32923441101,0.236816,-0.36084,0.870605
32923456872,0.22998,-0.355957,0.870117
32923480013,0.228027,-0.348145,0.874512
32923502531,0.235352,-0.359375,0.872559
32923517504,0.228027,-0.361816,0.868164
32923540024,0.229004,-0.355957,0.883789
32923562612,0.237305,-0.347656,0.879883
32923585024,0.226562,-0.35498,0.868164
32923600016,0.231445,-0.355957,0.871582
32923622551,0.224609,-0.366211,0.876953
32923637539,0.228027,-0.340332,0.866211
32923660014,0.229492,-0.357422,0.866211
32923682674,0.233887,-0.375,0.870605
32923696860,0.229492,-0.367188,0.868164
32923720021,0.235352,-0.361816,0.870605
32923742630,0.233887,-0.351562,0.871582
32923756873,0.221191,-0.358887,0.873047
32923780007,0.235352,-0.354004,0.873047
32923802706,0.227539,-0.350098,0.87207
32923816895,0.229492,-0.352539,0.874023
32923840001,0.234863,-0.362305,0.871094
32923862500,0.233887,-0.358887,0.86377
32923876842,0.233398,-0.36377,0.871582
32923900078,0.225586,-0.355469,0.865723
32923922626,0.229492,-0.362305,0.875
32923936828,0.235352,-0.352051,0.878418
32923960065,0.226562,-0.354004,0.866699
32923982543,0.234375,-0.359375,0.867188
32924003571,0.231445,-0.367676,0.874023
32924019996,0.228516,-0.364746,0.872559
32924042546,0.22998,-0.35498,0.875488
32924063524,0.237793,-0.357422,0.871094
32924080150,0.226562,-0.362793,0.871094
32924102478,0.232422,-0.356934,0.87207
32924123725,0.23584,-0.360352,0.875977
32924140068,0.224609,-0.358887,0.868652
32924162681,0.229492,-0.354492,0.883301
32924183663,0.232422,-0.360352,0.868652
32924200084,0.232422,-0.362793,0.865234
32924222624,0.234375,-0.36084,0.872559
32924243662,0.230469,-0.359863,0.867188
32924260084,0.231934,-0.36084,0.867676
32924282571,0.231934,-0.35498,0.870605
32924303722,0.230957,-0.356934,0.869141
32924320048,0.231934,-0.361328,0.872559
32924342506,0.226562,-0.36084,0.871582
32924363595,0.231934,-0.345703,0.871582
32924380073,0.233887,-0.359863,0.873535
32924402496,0.228516,-0.370117,0.875488
32924423735,0.237793,-0.357422,0.866211
32924440092,0.225098,-0.357422,0.87207
32924462541,0.23291,-0.357422,0.867676
32924485144,0.223633,-0.356445,0.867676
32924499876,0.230469,-0.365234,0.869629
32924522721,0.234863,-0.354004,0.875977
32924545108,0.229492,-0.352539,0.868652
32924560105,0.236816,-0.362305,0.874023
32924582579,0.230469,-0.353516,0.872559
32924605094,0.227051,-0.350586,0.868164
32924619376,0.23291,-0.361816,0.877441
32924650067,0.230469,-0.350098,0.868652
32924665042,0.22998,-0.359863,0.872559
32924679517,0.235352,-0.361816,0.875
32924702569,0.226562,-0.357422,0.869141
32924725155,0.229492,-0.362793,0.873047
32924739346,0.232422,-0.356934,0.878906
32924762619,0.226562,-0.352539,0.867676
32924785134,0.234375,-0.358398,0.86377
32924799420,0.229492,-0.35498,0.864746
32924822600,0.233887,-0.357422,0.876465
32924845098,0.229004,-0.355469,0.869141
32924859394,0.228516,-0.351074,0.871582
32924882731,0.230957,-0.358398,0.875
32924905190,0.229004,-0.349121,0.870117
32924926268,0.223633,-0.365234,0.864746
32924942591,0.233887,-0.359863,0.87793
32924965169,0.228516,-0.353027,0.868164
32924986162,0.226562,-0.360352,0.876465
32925002520,0.230469,-0.361328,0.873535
32925025017,0.223633,-0.344727,0.874023
32925046888,0.234375,-0.352539,0.866699
32925062550,0.226074,-0.363281,0.87207
32925085010,0.23291,-0.359863,0.865723
32925107134,0.228516,-0.35791,0.870605
32925122528,0.231934,-0.358398,0.873535
32925145134,0.228516,-0.35498,0.869141
32925167802,0.230469,-0.351074,0.866699
32925182518,0.228027,-0.35498,0.876953
32925205143,0.230469,-0.344238,0.873535
32925226117,0.233398,-0.356934,0.875
32925242369,0.231934,-0.358398,0.870117
32925265147,0.234375,-0.356445,0.870117
32925270631,0.22998,-0.362793,0.868164
32925293098,0.227539,-0.353516,0.870117
32925308129,0.230957,-0.352539,0.867188
32925330603,0.224609,-0.352051,0.874023
32925353002,0.23291,-0.35498,0.873047
32925368102,0.230957,-0.360352,0.873047
32925390512,0.233887,-0.358398,0.872559
32925412928,0.224121,-0.348633,0.870605
32925428005,0.231934,-0.358887,0.868164
32925450561,0.226562,-0.361328,0.877441
32925473255,0.232422,-0.355469,0.867188
32925487935,0.227051,-0.353516,0.876953
32925510423,0.230957,-0.351074,0.874512
32925532878,0.233887,-0.342285,0.869629
32925548085,0.226074,-0.361328,0.873535
32925570621,0.23291,-0.365723,0.872559
32925593033,0.223633,-0.351074,0.869141
32925607961,0.230957,-0.364258,0.875977
32925630468,0.233398,-0.358887,0.875977
32925653141,0.231934,-0.360352,0.869629
32925668034,0.227539,-0.353027,0.875977
32925690662,0.234375,-0.35791,0.876953
32925708582,0.229492,-0.348633,0.872559
32925728126,0.223633,-0.35498,0.873535
32925758025,0.228027,-0.355957,0.873535
32925768580,0.229004,-0.353516,0.866699
32925788177,0.235352,-0.36084,0.87207
32925810545,0.229004,-0.351074,0.875
32925828566,0.229004,-0.344238,0.876465
32925848013,0.22998,-0.353516,0.878906
32925870456,0.228027,-0.35791,0.865723
32925888544,0.234375,-0.36377,0.873047
32925908140,0.231445,-0.357422,0.872559
32925930717,0.233398,-0.350586,0.872559
32925948603,0.228516,-0.343262,0.862793
32925968082,0.228027,-0.358887,0.878418
32925990600,0.233887,-0.351562,0.876465
32926008392,0.225098,-0.353516,0.871094
32926029437,0.22998,-0.359863,0.875977
32926050477,0.227539,-0.354004,0.872559
32926068532,0.233398,-0.365234,0.87207
32926089463,0.233398,-0.359375,0.875
32926110655,0.230957,-0.346191,0.871582
32926128492,0.229492,-0.354004,0.877441
32926149446,0.230957,-0.358398,0.867676
32926170599,0.224121,-0.355469,0.872559
32926188551,0.229492,-0.352539,0.874512
32926209545,0.230957,-0.352051,0.873535
32926230598,0.232422,-0.352539,0.869629
32926248597,0.233887,-0.347656,0.873535
32926269449,0.230957,-0.354492,0.873047
32926290653,0.231445,-0.352051,0.873047
32926316069,0.227051,-0.356934,0.874512
32926329519,0.231934,-0.358398,0.874023
32926350697,0.229492,-0.361328,0.875488
32926368592,0.23291,-0.360352,0.869629
32926391098,0.232422,-0.35498,0.878418
32926410705,0.230957,-0.35498,0.871094
32926428601,0.231934,-0.356445,0.874023
32926451107,0.233887,-0.356445,0.871094
32926470530,0.225586,-0.358398,0.868652
32926488496,0.233887,-0.357422,0.870117
32926511003,0.235352,-0.35791,0.872559
32926530580,0.23291,-0.35791,0.873047
32926548568,0.236816,-0.364258,0.875977
32926570925,0.232422,-0.367188,0.867676
32926590657,0.232422,-0.370605,0.879883
32926608579,0.227539,-0.348633,0.871094
32926630879,0.225098,-0.349121,0.871094
32926650553,0.227051,-0.345703,0.870605
32926668433,0.224121,-0.349609,0.873535
32926691067,0.229004,-0.363281,0.869141
32926710717,0.229492,-0.358887,0.869629
32926728604,0.226074,-0.364746,0.866211
32926751119,0.226074,-0.359375,0.875
32926770492,0.228516,-0.357422,0.875977
32926788395,0.230957,-0.346191,0.869141
32926810978,0.230469,-0.359375,0.890625
32926830609,0.231445,-0.382812,0.867188
32926847700,0.237305,-0.373535,0.864746
32926870764,0.244629,-0.344238,0.874023
32926891345,0.222656,-0.32373,0.875977
32926907698,0.222656,-0.310059,0.88623
32926930296,0.227051,-0.324707,0.880371
32926951383,0.229492,-0.349121,0.880859
32926967718,0.21582,-0.35498,0.86377
32926990199,0.228027,-0.412598,0.865234
32927011169,0.240723,-0.407715,0.862305
32927027704,0.226562,-0.413086,0.854004
32927050310,0.244141,-0.397949,0.861328
32927071390,0.23291,-0.35791,0.867188
32927087678,0.221191,-0.34668,0.870117
32927110174,0.223145,-0.34375,0.873535
32927131435,0.22168,-0.349121,0.875
32927147709,0.228027,-0.375,0.871094
32927170211,0.23291,-0.369141,0.874512
32927191356,0.236816,-0.364258,0.869629
32927207672,0.230957,-0.370605,0.866699
32927230213,0.234863,-0.375977,0.866699
32927251401,0.226074,-0.376953,0.861816
32927267680,0.232422,-0.363281,0.867188
32927290351,0.226074,-0.36377,0.874023
32927312769,0.228027,-0.362305,0.866699
32927327704,0.225586,-0.36377,0.866211
32927350341,0.229492,-0.364746,0.865723
32927372818,0.23291,-0.369141,0.865234
32927387815,0.230469,-0.372559,0.870605
32927410230,0.234863,-0.36377,0.867676
32927432868,0.227051,-0.36084,0.866699
32927447747,0.22998,-0.369141,0.865723
32927470741,0.23291,-0.369629,0.873535
32927492805,0.231934,-0.35791,0.866211
32927507026,0.231445,-0.367188,0.874512
32927530188,0.225586,-0.366699,0.869629
32927552697,0.225586,-0.367676,0.870117
32927567099,0.234375,-0.36377,0.866211
32927590279,0.230469,-0.368164,0.875977
32927612821,0.227539,-0.365234,0.869141
32927627050,0.22998,-0.366699,0.867676
32927650444,0.230469,-0.35791,0.871094
32927672746,0.231934,-0.36084,0.876953
32927687071,0.233887,-0.352051,0.867188
32927710231,0.232422,-0.358887,0.866699
32927732757,0.233887,-0.371582,0.866211
32927746987,0.229004,-0.379395,0.868652
32927770342,0.224121,-0.35498,0.87207
32927792695,0.229004,-0.367188,0.867188
32927813925,0.236816,-0.36084,0.878906
32927830402,0.228516,-0.367676,0.87207
32927852840,0.234375,-0.366699,0.862793
32927873859,0.225586,-0.362305,0.872559
32927890444,0.231934,-0.348145,0.869141
32927912861,0.224609,-0.36377,0.867676
32927933733,0.227051,-0.37793,0.871094
32927950300,0.230957,-0.380371,0.853027
32927972650,0.232422,-0.374023,0.863281
32927993734,0.225586,-0.36084,0.868164
32928010107,0.222656,-0.341797,0.879883
32928032745,0.233398,-0.334473,0.880371
32928053735,0.23291,-0.350586,0.882324
32928070247,0.228516,-0.382812,0.86377
32928092716,0.231445,-0.394043,0.869629
32928113826,0.23291,-0.384766,0.866699
32928130415,0.227051,-0.365723,0.871582
32928152742,0.227539,-0.358887,0.874023
32928173903,0.229004,-0.347168,0.875
32928190435,0.226562,-0.347168,0.872559
32928212778,0.228516,-0.354004,0.873535
32928233832,0.229004,-0.370605,0.86377
32928250029,0.229004,-0.371094,0.870117
32928272892,0.228516,-0.369141,0.861328
32928302696,0.227539,-0.366211,0.865723
32928310252,0.227051,-0.354492,0.870605
32928332898,0.231934,-0.364746,0.865723
32928355390,0.230469,-0.367676,0.866211
32928370307,0.230957,-0.363281,0.868652
32928392754,0.231445,-0.375488,0.870117
32928415383,0.229492,-0.37207,0.869141
32928429644,0.225098,-0.367676,0.869141
32928452750,0.232422,-0.365723,0.870117
32928475447,0.227539,-0.354004,0.874512
32928490028,0.225098,-0.352051,0.879883
32928512732,0.222656,-0.350586,0.868164
32928535277,0.227539,-0.351562,0.871582
32928549741,0.22998,-0.376465,0.869629
32928578846,0.232422,-0.374023,0.866699
32928595307,0.231934,-0.370605,0.874512
32928609645,0.234863,-0.369629,0.869629
32928632793,0.227539,-0.353516,0.871582
32928655409,0.227539,-0.35498,0.868164
32928669731,0.223145,-0.37207,0.881348
32928692687,0.241699,-0.325195,0.869141
32928715257,0.227051,-0.339355,0.871094
32928729544,0.237305,-0.379883,0.865234
32928752748,0.235352,-0.376465,0.874512
32928775236,0.230469,-0.387207,0.858398
32928796702,0.233398,-0.410156,0.856445
32928812516,0.228027,-0.379883,0.858398
32928835241,0.240723,-0.348633,0.875977
32928856521,0.22168,-0.34082,0.878418
32928872714,0.220703,-0.338379,0.878906
32928896269,0.227051,-0.334961,0.869141
32928916288,0.225098,-0.352051,0.867676
32928932723,0.231934,-0.373047,0.871582
32928955297,0.226562,-0.383301,0.868164
32928976282,0.230469,-0.379883,0.869141
32928994589,0.227539,-0.380371,0.861328
32929015233,0.23291,-0.387207,0.863281
32929036264,0.228027,-0.375,0.86377
32929052773,0.234863,-0.35498,0.871094
32929075237,0.219238,-0.34375,0.866211
32929096467,0.233398,-0.363281,0.87207
32929112782,0.220215,-0.352051,0.864258
32929135248,0.235352,-0.372559,0.875488
32929156349,0.23291,-0.366211,0.862305
32929172711,0.22998,-0.373047,0.868164
32929195223,0.237793,-0.366211,0.864258
32929217794,0.223145,-0.360352,0.866699
32929232773,0.230957,-0.364746,0.867676
32929255321,0.230957,-0.362793,0.866699
32929277821,0.222656,-0.359375,0.870605
32929292794,0.232422,-0.364746,0.871582
32929315310,0.227051,-0.369629,0.875977
32929337772,0.228027,-0.37207,0.871582
32929352794,0.230469,-0.373535,0.862305
32929375302,0.232422,-0.37207,0.863281
32929397774,0.225586,-0.354492,0.866211
32929412122,0.227051,-0.348633,0.87207
32929435237,0.223633,-0.358887,0.869141
32929458768,0.228027,-0.367188,0.865723
32929472062,0.232422,-0.354004,0.870117
32929495971,0.225586,-0.344727,0.871582
32929517772,0.233887,-0.370605,0.880371
32929532107,0.242676,-0.375,0.864258
32929555347,0.228027,-0.373535,0.869629
32929577854,0.234375,-0.358887,0.875977
32929600252,0.241699,-0.29834,0.886719
32929615264,0.222656,-0.336426,0.866211
32929637909,0.23291,-0.441406,0.853516
32929652129,0.23584,-0.441895,0.836914
32929676456,0.238281,-0.411133,0.858398
32929697826,0.230957,-0.33252,0.881348
32929718812,0.226074,-0.306641,0.879883
32929735244,0.225098,-0.338867,0.880371
32929757784,0.228027,-0.331543,0.875977
32929779804,0.225098,-0.331543,0.864258
32929795298,0.226074,-0.385254,0.871094
32929817755,0.233398,-0.400879,0.857422
32929839772,0.243164,-0.410156,0.86084
32929855297,0.23291,-0.404785,0.855469
32929877940,0.241699,-0.390137,0.858887
32929898857,0.221191,-0.372559,0.875488
32929915280,0.237793,-0.333496,0.873535
32929937923,0.217773,-0.324219,0.871094
32929966484,0.236816,-0.362305,0.870605
32929975483,0.234375,-0.379883,0.865723
32929997932,0.233398,-0.388672,0.862305
32930018815,0.235352,-0.376953,0.862305
32930035390,0.228516,-0.370605,0.868652
32930057958,0.233398,-0.368164,0.867188
32930078867,0.229004,-0.36377,0.869141
32930095390,0.228027,-0.362793,0.866211
32930100644,0.235352,-0.370605,0.868652
32930123340,0.224121,-0.371094,0.862793
32930154536,0.233887,-0.369141,0.868164
32930160694,0.238281,-0.365723,0.867676
32930183370,0.226562,-0.371094,0.871582
32930205755,0.236816,-0.371582,0.871094
32930223795,0.226562,-0.364746,0.864258
32930244599,0.235352,-0.379395,0.865723
32930265728,0.230957,-0.371582,0.871582
32930288423,0.22998,-0.375488,0.864746
32930303205,0.229492,-0.394043,0.86377
32930325752,0.234375,-0.386719,0.859863
32930343743,0.230957,-0.384277,0.86377
32930363449,0.22998,-0.394531,0.86377
32930385640,0.23877,-0.328125,0.880371
32930400704,0.21875,-0.302246,0.875
32930423421,0.220215,-0.322754,0.873535
32930445731,0.246582,-0.358398,0.875977
32930460939,0.225586,-0.385254,0.854004
32930486106,0.239258,-0.383301,0.868164
32930505752,0.22998,-0.384277,0.870605
32930520765,0.222656,-0.395996,0.867676
32930543307,0.233398,-0.380371,0.859375
32930565719,0.228027,-0.376953,0.864258
32930580710,0.224121,-0.364746,0.868652
32930603258,0.225586,-0.365234,0.869629
32930627137,0.223145,-0.364258,0.872559
32930642258,0.236816,-0.375,0.866699
32930663915,0.214355,-0.375977,0.86084
32930681175,0.244141,-0.378418,0.876953
32930700808,0.230957,-0.36377,0.861816
32930724028,0.219727,-0.362793,0.859863
32930741185,0.226074,-0.366211,0.871582
32930762457,0.242188,-0.359375,0.874512
32930783298,0.220215,-0.356445,0.866699
32930801352,0.231934,-0.374023,0.871094
32930822260,0.235352,-0.367188,0.868164
32930850882,0.227539,-0.367188,0.860352
32930861784,0.236328,-0.376465,0.869141
32930882128,0.226074,-0.371582,0.859375
32930903314,0.228516,-0.356934,0.864746
32930921307,0.227051,-0.373047,0.876465
32930942237,0.226074,-0.371582,0.864258
32930963363,0.225098,-0.362305,0.862305
32930981134,0.23877,-0.374512,0.873535
32931002134,0.22168,-0.362305,0.859375
32931023240,0.229004,-0.370117,0.868652
32931041222,0.22998,-0.368652,0.868652
32931062329,0.22168,-0.364746,0.870605
32931083294,0.232422,-0.364746,0.868652
32931101194,0.226562,-0.364258,0.869629
32931123833,0.227539,-0.367188,0.868164
32931143271,0.22998,-0.36377,0.867676
32931162471,0.23291,-0.378418,0.871582
32931183669,0.223633,-0.36377,0.863281
32931203238,0.235352,-0.367188,0.874023
32931221301,0.223145,-0.366699,0.864746
32931243634,0.230469,-0.381348,0.867676
32931264081,0.23584,-0.367676,0.869629
32931281122,0.224609,-0.369141,0.867676
32931303692,0.231445,-0.365234,0.865234
32931323291,0.232422,-0.369629,0.872559
32931341187,0.235352,-0.379883,0.876953
32931363677,0.236328,-0.350098,0.858887
32931383291,0.219727,-0.352051,0.872559
32931401288,0.236328,-0.367188,0.874023
32931424717,0.221191,-0.348633,0.867188
32931443278,0.239746,-0.356445,0.875
32931461279,0.231934,-0.374512,0.871094
32931483726,0.228516,-0.388672,0.863281
32931503276,0.228516,-0.384277,0.871094
32931521258,0.226562,-0.376953,0.863281
32931543745,0.237793,-0.374023,0.868164
32931564087,0.229004,-0.354004,0.866211
32931587337,0.229492,-0.357422,0.87207
32931603865,0.230957,-0.359863,0.863281
32931623814,0.231934,-0.375977,0.876465
32931641292,0.236328,-0.392578,0.857422
32931662848,0.22998,-0.375488,0.869141
32931684014,0.229492,-0.359375,0.861328
32931700402,0.228027,-0.35498,0.86084
32931722948,0.230957,-0.330566,0.876465
32931743912,0.225586,-0.318359,0.877441
32931760333,0.241211,-0.352051,0.879883
32931782980,0.229492,-0.374512,0.864258
32931803904,0.233398,-0.402344,0.867188
32931820471,0.229492,-0.394531,0.869141
32931842911,0.223145,-0.369629,0.86084
32931865461,0.226074,-0.381348,0.867676
32931880344,0.22168,-0.36084,0.861816
32931902985,0.230469,-0.371582,0.865723
32931923943,0.230469,-0.370117,0.870117
32931940372,0.231445,-0.358887,0.874023
32931963088,0.230957,-0.347168,0.875977
32931983960,0.226074,-0.343262,0.876953
32932000378,0.223145,-0.355469,0.875
32932022892,0.22998,-0.374512,0.859375
32932045414,0.22998,-0.377441,0.876465
32932060395,0.231445,-0.373535,0.860352
32932082929,0.230469,-0.379395,0.873535
32932105396,0.230469,-0.366699,0.871582
32932120389,0.224609,-0.35498,0.859863
32932142979,0.231934,-0.368164,0.877441
32932165688,0.226562,-0.354004,0.866699
32932186476,0.235352,-0.365234,0.875
32932202862,0.233887,-0.364746,0.868652
32932225484,0.228516,-0.36084,0.869141
32932239750,0.227051,-0.361328,0.866211
32932262893,0.227539,-0.35791,0.875977
32932285546,0.228516,-0.374023,0.869141
32932299821,0.229492,-0.372559,0.871094
32932323052,0.231934,-0.378418,0.864258
32932345446,0.226562,-0.370117,0.865234
32932359758,0.229004,-0.353027,0.870605
32932383083,0.224609,-0.352051,0.866699
32932405491,0.228516,-0.362305,0.869141
32932419723,0.234375,-0.370117,0.866699
32932443087,0.235352,-0.370117,0.868164
32932465523,0.229492,-0.365723,0.871094
32932479761,0.231934,-0.369629,0.858398
32932502949,0.22998,-0.366211,0.867676
32932525491,0.227051,-0.373047,0.871094
32932546625,0.230469,-0.368164,0.871582
32932563038,0.226074,-0.370605,0.869629
32932585598,0.236328,-0.375977,0.871582
32932606478,0.230469,-0.36377,0.860352
32932623080,0.224121,-0.365234,0.870117
32932645470,0.235352,-0.369141,0.873047
32932666684,0.227539,-0.365234,0.862793
32932683149,0.229492,-0.375488,0.875977
32932705535,0.230469,-0.362305,0.867676
32932726461,0.23291,-0.383789,0.86377
32932743021,0.23291,-0.364258,0.865234
32932765505,0.229492,-0.365234,0.865723
32932786542,0.231445,-0.37207,0.868164
32932802905,0.230469,-0.376953,0.864258
32932825579,0.227539,-0.374023,0.867676
32932846671,0.228027,-0.369141,0.871582
32932862956,0.22998,-0.365234,0.869629
32932885638,0.230957,-0.366211,0.865723
32932907166,0.230469,-0.371094,0.87207
32932922980,0.23291,-0.367188,0.866699
32932945467,0.228516,-0.369141,0.864746
32932966425,0.229492,-0.36377,0.875488
32932982987,0.229004,-0.376465,0.869629
32933005453,0.234863,-0.372559,0.870117
32933028082,0.229004,-0.367188,0.867676
32933043106,0.229004,-0.369629,0.865234
32933065450,0.226562,-0.368164,0.871582
32933088130,0.230469,-0.363281,0.870605
32933102978,0.230957,-0.373535,0.881836
32933125444,0.237305,-0.367188,0.864746
32933148051,0.224121,-0.367676,0.86377
32933162461,0.236328,-0.379395,0.868164
32933185495,0.227051,-0.37793,0.861328
32933208089,0.230957,-0.383789,0.867676
32933222401,0.229004,-0.375,0.863281
32933245645,0.22998,-0.369141,0.867188
32933268027,0.226562,-0.368164,0.869629
32933282293,0.226562,-0.376953,0.87207
32933305591,0.234375,-0.366699,0.868164
32933328021,0.227539,-0.369141,0.864258
32933342374,0.230957,-0.376953,0.870605
32933365607,0.233398,-0.374023,0.870117
32933387980,0.227539,-0.366699,0.865234
32933402331,0.231445,-0.373535,0.869141
32933425439,0.22998,-0.364258,0.868652
32933447988,0.226074,-0.366699,0.863281
32933462292,0.234863,-0.374512,0.863281
32933485460,0.230469,-0.369141,0.865723
32933507955,0.226562,-0.374023,0.866699
32933528996,0.22998,-0.369141,0.864746
32933545512,0.231445,-0.367676,0.866699
32933567951,0.226562,-0.363281,0.870117
32933589000,0.227539,-0.372559,0.866211
32933605431,0.231445,-0.375488,0.867188
32933627972,0.229492,-0.368652,0.869141
32933648992,0.227051,-0.371582,0.864258
32933665479,0.230469,-0.367676,0.861816
32933687982,0.229004,-0.371094,0.870605
32933709047,0.22998,-0.364746,0.870605
32933725461,0.227539,-0.366699,0.866699
32933747933,0.22998,-0.366699,0.869141
32933769446,0.229004,-0.371094,0.867188
32933785522,0.228516,-0.372559,0.868652
32933807959,0.238281,-0.375488,0.867188
32933829186,0.230957,-0.375488,0.865234
32933845566,0.226074,-0.359863,0.871582
32933868009,0.230957,-0.367188,0.873535
32933889207,0.229492,-0.359863,0.859863
32933905510,0.232422,-0.364746,0.875
32933928087,0.229492,-0.365234,0.871094
32933950602,0.229004,-0.375,0.867188
32933965489,0.229004,-0.369141,0.865723
32933988071,0.234375,-0.371582,0.870117
32934010442,0.234375,-0.381348,0.868164
32934025534,0.225586,-0.379883,0.871582
32934048473,0.230957,-0.37207,0.866211
32934070578,0.223633,-0.355957,0.875488
32934084856,0.224121,-0.351562,0.871094
32934108452,0.230469,-0.366211,0.865723
32934130491,0.233398,-0.371582,0.866211
32934144818,0.23291,-0.380859,0.861816
32934168089,0.227539,-0.375,0.861816
32934190576,0.22998,-0.377441,0.869141
32934204841,0.226562,-0.369629,0.864746
32934229321,0.22998,-0.364746,0.86377
32934250578,0.229004,-0.374512,0.864746
32934265063,0.23584,-0.371094,0.868652
32934288051,0.225586,-0.371094,0.868652
32934310545,0.228027,-0.373535,0.873535
32934325825,0.227539,-0.369629,0.868164
32934348117,0.227051,-0.367676,0.86084
32934370482,0.228027,-0.373535,0.862793
32934384869,0.23291,-0.375,0.86377
32934407996,0.23584,-0.37793,0.861816
32934430718,0.235352,-0.367676,0.870117
32934451704,0.225586,-0.367188,0.86084
32934468056,0.230469,-0.370117,0.865723
32934490608,0.227051,-0.374023,0.861328
32934511569,0.226074,-0.382324,0.865234
32934528230,0.235352,-0.375977,0.868164
32934550527,0.23291,-0.359863,0.871094
32934571672,0.228027,-0.34668,0.87793
32934588009,0.227539,-0.352051,0.875977
32934611526,0.228516,-0.358398,0.866699
32934639211,0.23291,-0.370605,0.865723
32934648119,0.229004,-0.375977,0.867188
32934670549,0.232422,-0.377441,0.865234
32934691570,0.229004,-0.376465,0.866211
32934708019,0.231445,-0.370605,0.866699
32934730536,0.231934,-0.361816,0.864746
32934751576,0.22998,-0.35791,0.868652
32934768153,0.229004,-0.36377,0.875488
32934790593,0.228516,-0.369141,0.866211
32934811623,0.224609,-0.37207,0.864746
32934828090,0.231445,-0.365723,0.869629
32934850553,0.225586,-0.361816,0.868164
32934871585,0.23291,-0.359863,0.873047
32934888060,0.228516,-0.368164,0.86377
32934916868,0.233887,-0.369141,0.867676
32934933081,0.228516,-0.373535,0.861328
32934938457,0.226562,-0.362305,0.867188
32934953404,0.227539,-0.367188,0.872559
32934976006,0.226562,-0.365234,0.868652
32934998462,0.233398,-0.365234,0.868164
32935014845,0.230469,-0.362793,0.867188
32935035884,0.234863,-0.365234,0.865234
32935058425,0.229492,-0.365723,0.869141
32935073395,0.230469,-0.377441,0.867188
32935095975,0.229492,-0.378418,0.867188
32935118607,0.223633,-0.368652,0.86377
32935133698,0.23291,-0.375,0.873047
32935156133,0.228027,-0.375977,0.865723
32935178600,0.236816,-0.374023,0.866699
32935193636,0.227539,-0.358887,0.869629
32935216002,0.229492,-0.361816,0.867188
32935238715,0.228027,-0.362793,0.86377
32935253525,0.227539,-0.364258,0.865234
32935276127,0.226074,-0.370605,0.865723
32935298606,0.229492,-0.384766,0.864746
32935313456,0.229492,-0.370605,0.865234
32935335980,0.23291,-0.367676,0.869141
32935358655,0.226074,-0.362305,0.863281
32935373487,0.224609,-0.36084,0.873535
32935396098,0.231934,-0.352051,0.89502
32935418636,0.250977,-0.327637,0.856934
32935433541,0.236328,-0.303223,0.875488
32935456783,0.22998,-0.377441,0.86377
32935478445,0.228516,-0.448242,0.834961
32935494945,0.244141,-0.499023,0.819336
32935516054,0.245117,-0.498047,0.86377
32935538463,0.220215,-0.344727,0.865723
32935554981,0.21582,-0.286621,0.890137
32935576023,0.22168,-0.293457,0.887695
32935599430,0.234375,-0.271973,0.874512
32935614915,0.235352,-0.316406,0.874512
32935636039,0.229004,-0.345703,0.881348
32935653964,0.212891,-0.349609,0.862305
32935674939,0.245117,-0.420898,0.875977
32935696643,0.240234,-0.429199,0.85498
32935713874,0.226074,-0.423828,0.853027
32935734903,0.23877,-0.405762,0.855469
32935756052,0.228516,-0.379883,0.867188
32935778463,0.220703,-0.35498,0.872559
32935794900,0.229492,-0.371094,0.865234
32935815995,0.233398,-0.388672,0.866699
32935833915,0.226562,-0.390625,0.877441
32935856425,0.244629,-0.354004,0.855469
32935876056,0.216309,-0.355469,0.870605
32935894130,0.237793,-0.358398,0.871582
32935916607,0.223145,-0.358887,0.866699
32935936151,0.23584,-0.404297,0.86084
32935954061,0.228516,-0.381836,0.85791
32935976630,0.229004,-0.388184,0.865723
32935996130,0.229492,-0.375488,0.866211
32936013914,0.233398,-0.374512,0.871582
32936036579,0.226074,-0.375488,0.864258
32936056066,0.229004,-0.364258,0.865234
32936074067,0.23291,-0.371094,0.865234
32936096557,0.226074,-0.380371,0.856934
32936116182,0.22998,-0.383789,0.868652
32936134010,0.229004,-0.372559,0.864746
32936160965,0.230469,-0.368164,0.868164
32936176108,0.234863,-0.378906,0.867676
32936194038,0.226074,-0.369141,0.861328
32936216592,0.228516,-0.378906,0.867676
32936236150,0.233398,-0.37207,0.867188
32936254107,0.231445,-0.370117,0.866211
32936276540,0.22998,-0.368652,0.873535
32936305026,0.224609,-0.362793,0.871582
32936314901,0.238281,-0.343262,0.87207
32936336559,0.22168,-0.393066,0.856934
32936356063,0.244629,-0.37207,0.881348
32936373876,0.229492,-0.366699,0.843262
32936396600,0.224121,-0.442871,0.865723
32936415996,0.239746,-0.388184,0.86084
32936433946,0.226074,-0.367676,0.862305
32936456528,0.228516,-0.351074,0.870117
32936477443,0.236816,-0.352539,0.875488
32936493323,0.22998,-0.359863,0.869629
32936515704,0.229004,-0.379883,0.868164
32936536689,0.225586,-0.378418,0.859375
32936553201,0.216797,-0.378906,0.86084
32936583216,0.231934,-0.393555,0.861816
32936597134,0.233887,-0.385742,0.868164
32936613210,0.23291,-0.360352,0.871582
32936635654,0.236816,-0.362793,0.866699
32936656713,0.22168,-0.367188,0.868652
32936673156,0.228516,-0.365234,0.868164
32936695952,0.227539,-0.371094,0.855957
32936716727,0.262695,-0.408203,0.876953
32936733098,0.219238,-0.387207,0.829102
32936755749,0.23877,-0.410645,0.878906
32936776848,0.246582,-0.352051,0.870117
32936793277,0.205566,-0.350098,0.864258
32936815738,0.241699,-0.384277,0.873047
32936838147,0.219727,-0.375,0.86084
32936853215,0.220703,-0.361328,0.862793
32936875625,0.23877,-0.335938,0.870605
32936898103,0.228516,-0.384766,0.84668
32936913653,0.258301,-0.319336,0.900391
32936935644,0.222168,-0.373047,0.853027
32936958120,0.229492,-0.561035,0.819336
32936972500,0.255371,-0.48877,0.84668
32936995679,0.225586,-0.318848,0.85791
32937018106,0.209473,-0.323242,0.880859
32937032492,0.225098,-0.339355,0.867188
32937055602,0.230469,-0.325684,0.85498
32937078164,0.229492,-0.36084,0.865234
32937092478,0.224609,-0.418457,0.862305
32937116095,0.227539,-0.439453,0.850098
32937138299,0.233887,-0.474609,0.837402
32937152481,0.243652,-0.466309,0.841309
32937175880,0.226562,-0.407715,0.851074
32937198168,0.230469,-0.344238,0.859375
32937213375,0.223145,-0.37207,0.865723
32937235726,0.22998,-0.364746,0.861328
32937258174,0.233398,-0.376953,0.863281
32937272544,0.227539,-0.380859,0.85791
32937295695,0.235352,-0.375,0.861816
32937318157,0.231445,-0.390137,0.85498
32937339283,0.231445,-0.399902,0.858398
32937355620,0.230957,-0.377441,0.859375
32937378258,0.228516,-0.385254,0.863281
32937399359,0.231934,-0.397461,0.856934
32937415664,0.234375,-0.379395,0.863281
32937438271,0.22998,-0.383301,0.860352
32937459292,0.234375,-0.380859,0.860352
32937475830,0.227539,-0.370117,0.88623
32937498139,0.231445,-0.354004,0.864258
32937519345,0.227539,-0.373047,0.860352
32937535680,0.239258,-0.395996,0.856445
32937558228,0.208008,-0.399414,0.85498
32937579199,0.233398,-0.352539,0.874512
32937595697,0.232422,-0.338379,0.859375
32937618332,0.226074,-0.397461,0.864258
32937639468,0.236328,-0.427734,0.855957
32937655717,0.237305,-0.399414,0.853516
32937678275,0.225586,-0.376465,0.864746
32937699389,0.223633,-0.359863,0.867188
32937715717,0.223633,-0.365234,0.869629
32937738234,0.227051,-0.383301,0.862305
32937760698,0.228516,-0.374512,0.867676
32937775664,0.234863,-0.381836,0.861816
32937798431,0.227539,-0.385254,0.861328
32937826703,0.233887,-0.379883,0.864258
32937841729,0.229492,-0.366211,0.864746
32937858391,0.230957,-0.396973,0.861328
32937880780,0.227539,-0.38916,0.865234
32937895129,0.236328,-0.377441,0.867676
32937918276,0.229004,-0.38623,0.858398
32937940656,0.232422,-0.375488,0.868164
32937955118,0.232422,-0.376953,0.86377
32937978415,0.224609,-0.384277,0.862305
32938000791,0.23291,-0.384277,0.855469
32938015018,0.228516,-0.395996,0.858887
32938038267,0.237793,-0.383789,0.859375
32938060854,0.230469,-0.383789,0.864258
32938075186,0.231934,-0.378906,0.868164
32938098401,0.229004,-0.381348,0.859375
32938120851,0.224609,-0.382812,0.858887
32938135223,0.236328,-0.378418,0.861816
32938158441,0.224121,-0.393555,0.861816
32938180725,0.238281,-0.387207,0.866699
32938195191,0.234863,-0.38623,0.861816
32938218327,0.227051,-0.380859,0.861328
32938240635,0.229004,-0.379395,0.866211
32938261904,0.228516,-0.379883,0.860352
32938278426,0.228516,-0.387695,0.870605
32938300738,0.233398,-0.375488,0.857422
32938321853,0.230469,-0.388184,0.863281
32938338269,0.241211,-0.395996,0.859375
32938360763,0.231445,-0.388672,0.862305
32938381768,0.236328,-0.371582,0.858398
32938398286,0.228027,-0.374023,0.863281
32938420672,0.231445,-0.373047,0.867676
32938441769,0.228027,-0.38623,0.862793
32938458232,0.227051,-0.391113,0.855957
32938480763,0.230469,-0.390137,0.861328
32938502080,0.230469,-0.380859,0.86377
32938518275,0.228027,-0.382324,0.867676
32938540713,0.23877,-0.387207,0.864746
32938562805,0.227539,-0.378418,0.854492
32938578402,0.230469,-0.372559,0.870605
32938600811,0.22998,-0.379883,0.863281
32938621980,0.224121,-0.389648,0.86084
32938638315,0.234863,-0.391602,0.864746
32938660766,0.23291,-0.390137,0.857422
32938681883,0.234863,-0.388184,0.86377
32938698455,0.227539,-0.384277,0.851562
32938720692,0.231934,-0.380371,0.867188
32938743250,0.222656,-0.377441,0.858887
32938758247,0.234863,-0.370605,0.862305
32938780712,0.23877,-0.397461,0.86377
32938803250,0.226562,-0.38916,0.853516
32938818347,0.235352,-0.387207,0.867188
32938840848,0.22168,-0.378418,0.858887
32938863893,0.233398,-0.373535,0.862793
32938877565,0.227539,-0.379883,0.864746
32938900709,0.22998,-0.385254,0.866211
32938923343,0.236328,-0.381348,0.861816
32938937654,0.227539,-0.375977,0.864258
32938961921,0.229004,-0.379883,0.863281
32938983293,0.227539,-0.38916,0.861816
32938997785,0.235352,-0.381348,0.85791
32939020805,0.228027,-0.37793,0.860352
32939043372,0.234375,-0.384277,0.861816
32939057671,0.228516,-0.370605,0.864746
32939080857,0.226562,-0.375977,0.86377
32939103332,0.237793,-0.388672,0.865234
32939117670,0.226562,-0.379395,0.859863
32939140821,0.231934,-0.380859,0.866211
32939163573,0.228516,-0.380371,0.867188
32939178635,0.227539,-0.370117,0.86377
32939200752,0.229492,-0.378418,0.863281
32939223250,0.227539,-0.371094,0.86377
32939244337,0.228516,-0.369629,0.868164
32939260742,0.230957,-0.388672,0.859863
32939283289,0.230469,-0.38916,0.858887
32939304373,0.229004,-0.382324,0.859375
32939320755,0.232422,-0.379395,0.854004
32939343304,0.23291,-0.380371,0.863281
32939364386,0.229004,-0.381348,0.853516
32939381066,0.226074,-0.384766,0.866699
32939403299,0.226562,-0.400879,0.855957
32939424287,0.23291,-0.42334,0.867188
32939440901,0.233887,-0.379883,0.856445
32939463306,0.228027,-0.318359,0.872559
32939484332,0.231934,-0.297852,0.876465
32939500835,0.222656,-0.33252,0.878906
32939523298,0.23291,-0.382812,0.868164
32939544411,0.230957,-0.388184,0.869141
32939560768,0.229004,-0.371094,0.865723
32939583659,0.225098,-0.366211,0.869629
32939604396,0.219727,-0.384277,0.860352
32939620804,0.228516,-0.403809,0.871582
32939644197,0.228027,-0.415039,0.850586
32939665815,0.228516,-0.418945,0.856934
32939681576,0.234863,-0.39502,0.857422
32939703374,0.231445,-0.374023,0.859863
32939725832,0.230957,-0.344727,0.869141
32939740852,0.229004,-0.36377,0.866699
32939763282,0.228027,-0.390625,0.868164
32939768703,0.231445,-0.369629,0.867188
32939791136,0.229492,-0.360352,0.873535
32939806239,0.228516,-0.364746,0.867676
32939828674,0.22998,-0.395508,0.862305
32939851842,0.228516,-0.39502,0.85791
32939866133,0.23584,-0.38623,0.85791
32939888695,0.227539,-0.386719,0.85791
32939911492,0.223145,-0.413086,0.876465
32939926226,0.253418,-0.40625,0.838379
32939949110,0.218262,-0.349121,0.855957
32939972088,0.23291,-0.35791,0.870605
32939987643,0.219238,-0.299805,0.881348
32940008688,0.229492,-0.307617,0.873047
32940031303,0.240723,-0.361816,0.875977
32940046211,0.223633,-0.396973,0.861816
32940068720,0.25,-0.425781,0.854492
32940091354,0.227051,-0.418945,0.852051
32940106243,0.230469,-0.412109,0.856445
32940128892,0.222168,-0.358887,0.865723
32940151195,0.22168,-0.373535,0.859863
32940166602,0.228027,-0.398438,0.856445
32940190282,0.228027,-0.415527,0.859863
32940211251,0.234863,-0.38623,0.859375
32940227026,0.228027,-0.366699,0.871582
32940248764,0.228027,-0.356934,0.873535
32940271231,0.228027,-0.362305,0.864746
32940289128,0.227539,-0.359375,0.864258
32940308647,0.230957,-0.366699,0.865723
32940332029,0.231445,-0.368652,0.865234
32940347628,0.226562,-0.390137,0.862793
32940369958,0.230957,-0.398438,0.855469
32940391326,0.229004,-0.393555,0.858887
32940407692,0.226562,-0.394043,0.862305
32940429176,0.227051,-0.382812,0.870117
32940451301,0.223145,-0.374023,0.857422
32940467766,0.228027,-0.364258,0.861816
32940488798,0.23291,-0.37793,0.860352
32940511256,0.218262,-0.37207,0.859375
32940528840,0.234863,-0.385742,0.864746
32940548787,0.226074,-0.378906,0.856934
32940571263,0.224121,-0.384277,0.861328
32940589251,0.230469,-0.380371,0.864258
32940608678,0.231445,-0.385254,0.862793
32940628296,0.234863,-0.382324,0.855957
32940649190,0.225098,-0.379395,0.865234
32940669124,0.231445,-0.375977,0.867188
32940686720,0.219238,-0.373535,0.862305
32940709129,0.233887,-0.379883,0.869629
32940729791,0.223633,-0.381348,0.862793
32940746698,0.228516,-0.382324,0.869629
32940769278,0.228027,-0.383789,0.862793
32940788792,0.226562,-0.37207,0.865723
32940806798,0.225098,-0.376953,0.865723
32940831049,0.227539,-0.382324,0.860352
32940848797,0.230469,-0.391113,0.862793
32940867768,0.22998,-0.380371,0.861816
32940889202,0.225586,-0.376465,0.86377
32940908691,0.233887,-0.388184,0.864258
32940926691,0.223145,-0.375977,0.858887
32940949228,0.229492,-0.383301,0.868652
32940968787,0.231445,-0.387695,0.85791
32940986692,0.228027,-0.385742,0.870117
32941009208,0.230957,-0.376953,0.863281
32941028990,0.227051,-0.383301,0.865723
32941046836,0.241211,-0.387695,0.863281
32941069295,0.221191,-0.374023,0.856445
32941088933,0.232422,-0.391113,0.866211
32941106850,0.224121,-0.37793,0.856934
32941129332,0.228516,-0.382812,0.86377
32941148943,0.232422,-0.391602,0.862793
32941166889,0.218262,-0.38623,0.858887
32941189281,0.234375,-0.385254,0.862305
32941210429,0.221191,-0.368164,0.858887
32941226671,0.227539,-0.384766,0.864746
32941249398,0.227539,-0.379883,0.855469
32941270321,0.232422,-0.393555,0.860352
32941286718,0.230469,-0.381836,0.868164
32941309345,0.226074,-0.381836,0.864258
32941330298,0.237793,-0.38916,0.866211
32941345940,0.223145,-0.385254,0.861816
32941368418,0.233398,-0.388672,0.869629
32941389596,0.226562,-0.381348,0.858398
32941406082,0.228027,-0.388672,0.865723
32941428467,0.229492,-0.383301,0.862793
32941449457,0.227539,-0.384766,0.864258
32941465950,0.227539,-0.385742,0.861328
32941488448,0.229492,-0.381348,0.862305
32941509492,0.230469,-0.382324,0.86084
32941526018,0.226074,-0.386719,0.872559
32941548478,0.224121,-0.378906,0.85791
32941570776,0.227539,-0.385254,0.865723
32941585969,0.228027,-0.382812,0.861328
32941608453,0.224609,-0.383301,0.862793
32941630942,0.230469,-0.387207,0.855469
32941645951,0.22998,-0.387695,0.86084
32941668474,0.230957,-0.377441,0.862305
32941690900,0.225098,-0.379883,0.859863
32941706025,0.230957,-0.384277,0.865723
32941728456,0.225098,-0.382324,0.859863
32941750938,0.237305,-0.383301,0.86084
32941765267,0.228516,-0.390137,0.858887
32941788438,0.236816,-0.388184,0.858887
32941810921,0.227051,-0.377441,0.855469
32941825272,0.229004,-0.375977,0.864746
32941855996,0.229492,-0.382324,0.855469
32941870970,0.23291,-0.382324,0.861816
32941885347,0.233398,-0.377441,0.866211
32941908574,0.231445,-0.366211,0.870605
32941930995,0.226562,-0.381836,0.862305
32941952217,0.229492,-0.400879,0.862793
32941968469,0.230957,-0.38916,0.86084
32941991025,0.233887,-0.380371,0.859375
32942005275,0.230469,-0.379395,0.864258
32942028425,0.226074,-0.384766,0.874512
32942051055,0.233398,-0.383301,0.857422
32942072102,0.222656,-0.39502,0.85791
32942088638,0.219727,-0.369141,0.861816
32942110969,0.21875,-0.337402,0.874512
32942131967,0.224609,-0.32666,0.888184
32942148436,0.223145,-0.329102,0.870117
32942171102,0.227051,-0.396973,0.859375
32942192017,0.227539,-0.446777,0.855469
32942208470,0.23584,-0.463379,0.84668
32942232373,0.229492,-0.413086,0.852539
32942252179,0.214355,-0.355957,0.860352
32942268499,0.219727,-0.353516,0.876953
32942290980,0.22168,-0.355469,0.867676
32942312046,0.227051,-0.383789,0.867188
32942328446,0.217285,-0.390137,0.864746
32942351067,0.224121,-0.358398,0.866699
32942372087,0.230469,-0.407227,0.868164
32942388583,0.237793,-0.416016,0.862793
32942410993,0.240234,-0.388672,0.851562
32942432133,0.210449,-0.383301,0.868164
32942448448,0.215332,-0.375977,0.859375
32942471016,0.205566,-0.36084,0.870605
32942493472,0.209473,-0.347168,0.879395
32942508570,0.222656,-0.379395,0.870605
32942531064,0.225586,-0.397949,0.855957
32942553469,0.220703,-0.401367,0.859375
32942568628,0.227051,-0.396973,0.866699
32942591005,0.225098,-0.368164,0.870605
32942613411,0.217773,-0.369141,0.857422
32942628521,0.232422,-0.375488,0.868652
32942651025,0.223633,-0.367188,0.866211
32942673509,0.220215,-0.391113,0.87207
32942687810,0.220703,-0.393066,0.866211
32942711003,0.226074,-0.374512,0.867188
32942733466,0.227539,-0.370117,0.873047
32942747981,0.227051,-0.37793,0.867676
32942771049,0.226074,-0.384766,0.881348
32942793536,0.244629,-0.399414,0.908203
32942807842,0.25,-0.393555,0.892578
32942832416,0.200195,-0.354004,0.854004
32942853467,0.241211,-0.387207,0.86084
32942867825,0.208008,-0.378418,0.861816
32942891138,0.179688,-0.394531,0.842773
32942913595,0.210938,-0.396484,0.836914
32942927988,0.19873,-0.38623,0.837402
32942951063,0.175781,-0.319824,0.824219
32942973406,0.171387,-0.348633,0.837402
32942994670,0.208008,-0.364746,0.933594
32943010979,0.300781,-0.327637,0.955566
32943033583,0.191895,-0.329102,0.875488
