timestamp,emg1,emg2,emg3,emg4,emg5,emg6,emg7,emg8
42844491146,3,1,0,1,6,-1,-1,1
42844491146,-1,-1,-2,-1,0,0,0,0
42844497901,-2,-3,-2,4,3,-1,-1,-3
42844497901,1,-1,-1,-7,-21,-4,0,-2
42844505438,0,-2,0,3,-7,-1,1,-2
42844505438,-2,1,-2,-5,-3,1,0,-1
42844521165,2,2,2,7,21,-1,-2,1
42844521165,-2,2,-1,-8,-3,-2,1,0
42844521999,-1,1,1,12,5,-2,0,0
42844521999,0,-3,-2,-10,24,5,-4,0
42844536920,-3,0,2,20,8,0,2,1
42844536920,0,0,0,1,-13,-5,-2,-1
42844542898,-2,0,-1,-7,-26,-2,0,-2
42844542898,0,-2,-4,-5,1,-3,0,-3
42844557917,-3,-4,-2,-9,-11,8,-2,-1
42844557917,0,1,1,11,9,-3,-2,-1
42844565430,-1,-2,-1,-7,1,-2,0,-1
42844565430,-1,0,1,1,9,-1,-2,0
42844581079,1,-1,1,-11,-6,-1,1,0
42844581079,-1,-3,0,-5,11,-1,4,0
42844581854,0,-1,0,-5,-21,-1,-2,-2
42844581854,-1,-3,1,-3,6,-4,-1,-1
42844596923,-2,-1,-4,5,-2,-4,-2,-1
42844596923,-1,-1,0,-7,-13,-1,0,1
42844602910,1,-3,-1,3,21,2,-3,-1
42844602910,3,-2,-3,-3,-10,-2,-1,-1
42844617937,0,1,1,-7,8,3,-1,-1
42844617937,-2,1,0,0,-17,-3,-2,-2
42844625532,-1,0,2,7,3,1,-1,-2
42844625532,0,1,-1,-7,14,6,0,-2
42844641157,1,-2,1,8,8,0,-1,-1
42844641157,-1,-3,-4,1,5,1,0,-3
42844641862,0,-2,-1,-2,1,-1,-2,0
42844641862,0,-2,0,0,-25,-1,1,3
42844656958,-2,1,-1,-12,-18,-7,-2,-2
42844656958,0,3,0,-1,15,4,-1,-1
42844671146,0,1,-1,-9,8,-11,-1,0
42844671146,0,-1,2,20,-2,1,0,0
42844677911,-1,-2,-2,-7,-12,-1,1,-1
42844677911,0,-2,2,-1,3,-2,1,1
42844685404,-2,-1,-3,1,-8,4,0,-2
42844685404,-2,0,-1,-9,-7,-6,0,0
42844701054,1,1,0,13,42,-2,2,2
42844701054,1,-3,-1,-1,-8,2,-1,0
42844701852,-1,1,0,10,21,4,-3,-1
42844701852,0,0,-1,-5,-3,-3,-1,-2
42844716950,-2,0,1,1,-8,0,-2,-3
42844716950,-1,0,1,-5,8,-3,0,0
42844722926,0,0,0,3,-10,3,-2,1
42844722926,-3,0,-2,1,-8,-15,-2,-1
42844746091,0,-2,-1,-9,5,7,-2,0
42844746091,1,-2,0,2,-3,-2,-4,-1
42844746912,-2,0,-2,-3,-4,-5,2,-3
42844746912,0,1,0,12,4,3,0,-2
42844761057,0,-1,-1,-2,-15,-3,0,-5
42844761057,0,-3,0,-7,-21,-1,1,0
42844761861,1,-1,1,10,49,4,-4,1
42844761861,-1,-2,-1,-14,-14,-1,0,1
42844776943,-2,-2,-1,3,-4,-2,-1,0
42844776943,0,0,1,4,-2,0,-1,1
42844782991,0,-2,-2,-12,-6,1,1,1
42844782991,-1,-1,-1,6,1,1,0,0
42844806075,-2,-1,-1,0,-14,-6,-1,0
42844806075,0,0,-1,2,23,6,-1,-3
42844806870,-2,-1,-1,-1,-11,-5,1,1
42844806870,-2,-1,-2,-5,8,-2,-1,0
42844820583,-1,-1,0,3,-6,-1,-2,-3
42844820583,-2,0,-2,-14,-32,-3,0,0
42844827957,-2,0,0,14,-14,0,0,-2
42844827957,-1,-2,0,7,3,3,1,-4
42844837020,-1,-1,-3,-21,-21,-5,0,1
42844837020,-1,-1,-2,11,14,2,-1,-1
42844842940,0,1,0,-3,-2,-2,-4,-3
42844842940,1,0,1,-3,3,4,1,1
42844857917,-3,0,-1,4,-6,-5,-1,0
42844857917,-2,-1,-1,-7,7,1,-1,1
42844865441,0,0,-1,-4,-6,-1,0,-1
42844865441,0,0,-1,9,-1,3,1,1
42844880578,0,-1,0,-10,-6,1,0,0
42844880578,-3,-2,-1,1,2,-1,0,-1
42844888030,-1,-3,-2,-9,-8,-1,2,0
42844888030,0,0,-1,-2,-3,-1,-4,-1
42844896903,-1,1,0,-3,6,0,0,1
42844896903,-1,1,-1,-1,0,-6,0,-1
42844902928,-2,-3,0,12,10,2,0,3
42844902928,0,1,-3,-13,-21,-3,-2,-1
42844918073,0,0,-1,-5,-11,7,1,-1
42844918073,0,-1,0,7,25,4,-3,-1
42844925630,0,-2,-3,-6,9,-4,4,-2
42844925630,-2,-2,0,-2,-1,-3,1,0
42844950082,-1,0,-2,6,5,0,-1,-4
42844950082,-1,-1,1,-7,-7,-2,0,0
42844950874,3,0,0,10,34,5,-2,1
42844950874,-1,-1,-1,-12,-6,-1,0,-1
42844963613,1,-3,2,3,7,3,-1,0
42844963613,-2,1,-1,-1,-6,-2,-1,-1
42844964417,-3,1,-3,0,1,-4,0,-2
42844964417,-2,-2,-4,-2,-10,1,0,-1
42844979458,0,-1,-3,9,19,2,0,-1
42844979458,1,-1,2,3,-22,-3,-1,0
42844985581,-1,-1,-1,-13,-5,7,-1,1
42844985581,0,0,3,8,-2,-13,-1,-2
42845000433,0,0,-3,-3,25,-10,-2,1
42845000433,-1,-3,-3,2,-28,10,3,-2
42845016103,1,-1,-1,-12,-27,0,-2,-3
42845016103,-3,-1,0,-8,0,3,0,0
42845023650,-1,1,1,11,-11,-2,-2,-3
42845023650,0,0,-2,-3,21,-3,0,-1
42845024443,-2,1,-1,4,-3,-1,-2,-1
42845024443,1,-1,-4,-2,1,2,-1,0
42845038078,1,0,1,-8,-7,0,-1,0
42845038078,-2,0,0,8,-3,0,-1,-2
42845053621,-2,1,0,-5,-8,-1,0,-3
42845053621,1,0,-1,3,-3,-2,-2,-1
42845060434,-2,-1,1,-6,-4,-3,0,0
42845060434,1,-1,-2,5,23,3,-1,0
42845068010,-1,-2,2,3,13,-10,2,0
42845068010,-2,-3,-3,-10,-6,5,1,0
42845083669,0,-1,-2,7,11,2,0,1
42845083669,1,0,2,8,3,-4,-2,1
42845084561,-1,-2,-1,0,-8,1,-2,0
42845084561,1,0,0,-2,18,2,1,-3
42845097995,-1,0,3,1,-10,3,1,0
42845097995,1,0,-5,-10,-15,-2,0,0
42845105443,0,1,-1,0,4,-2,-1,-1
42845105443,0,0,2,2,9,-1,-2,-2
42845120533,0,-1,-2,-4,-3,-2,1,-1
42845120533,1,1,2,4,19,0,0,-1
42845127960,-2,-2,-2,-5,-19,3,-1,0
42845127960,0,-2,1,-6,0,-3,0,0
42845143589,-1,0,-1,11,4,-2,-1,0
42845143589,-2,-2,-1,-4,-4,0,-3,-2
42845144388,-1,-2,0,-7,-12,-7,1,-1
42845144388,-2,0,-2,-3,-10,2,-1,0
42845157923,0,0,0,1,11,3,2,-1
42845157923,0,-1,-1,-1,8,-2,2,0
42845165443,1,-2,-2,0,1,2,-3,1
42845165443,1,-1,-1,4,11,7,-2,2
42845180554,-2,-3,-2,-12,-31,-4,-1,0
42845180554,-1,1,1,5,-2,-5,1,-1
42845188007,0,-1,-1,-4,1,6,1,0
42845188007,-3,-3,1,5,5,-2,1,-1
42845203620,2,0,-2,-3,-7,-3,-2,-2
42845203620,-2,-1,1,2,5,0,0,-1
42845204417,0,1,1,4,2,-6,-2,0
42845204417,-1,2,0,3,15,1,-1,-1
42845226283,-3,-3,-3,-9,-36,-13,-4,-2
42845226283,0,0,2,-4,3,-3,0,1
42845226876,1,0,1,1,36,3,0,-2
42845226876,2,-2,1,15,-7,-2,-1,-1
42845240489,-2,-1,-2,3,9,2,-2,-1
42845240489,-3,-2,-2,-8,-31,-2,-2,0
42845256152,-2,-1,-3,-7,-12,-1,-1,0
42845256152,1,0,-2,-3,10,0,1,1
42845263621,-1,-1,0,7,-2,3,0,0
42845263621,-1,-1,-2,-7,5,-5,-1,-1
42845264421,-2,0,3,21,30,3,1,2
42845264421,-2,0,-4,-17,-27,1,0,-4
42845277905,0,0,3,11,18,-3,4,1
42845277905,-1,-2,-1,-7,2,2,-2,-3
42845285509,2,-2,0,3,-6,-2,-3,-2
42845285509,-1,0,-2,3,-3,-4,-1,-1
42845300463,-2,-1,-1,-11,3,4,-2,2
42845300463,1,-1,-3,3,3,0,2,0
42845307938,-1,-2,-5,-1,-23,-5,-1,0
42845307938,0,-2,1,-8,8,2,0,0
42845331969,-1,0,-1,-12,-3,1,-3,-3
42845331969,-3,-2,-1,12,-2,-2,-2,0
42845332754,-2,-1,-2,-9,-17,-2,0,-3
42845332754,-2,-1,-1,-1,-1,-2,0,2
42845338011,0,-1,-2,-11,-9,-3,0,-1
42845338011,1,2,0,-3,6,2,0,0
42845345462,0,-4,-3,0,-6,4,-1,0
42845345462,-1,-2,-1,1,-23,-5,-2,-2
42845361971,0,-2,-1,7,33,6,1,-1
42845361971,-2,0,-2,-7,-8,0,3,0
42845368113,-1,1,0,-1,2,-1,2,-1
42845368113,1,-1,1,4,1,1,-3,-1
42845383781,-1,0,-1,-1,-12,-14,0,1
42845383781,1,1,2,-7,-1,1,-1,-1
42845384547,-1,1,1,6,-12,4,5,0
42845384547,-1,-1,-5,5,16,-3,0,3
42845397958,0,1,0,-1,-9,-1,-4,-4
42845397958,-3,-4,-4,-13,-4,0,-3,-1
42845405464,0,-1,0,1,4,-3,-1,-1
42845405464,-3,0,0,6,1,-1,-1,-2
42845420606,-2,-4,-3,-9,-7,-1,-1,-1
42845420606,2,2,1,17,23,-2,2,3
42845427971,-2,-3,-1,-10,1,0,-1,-2
42845427971,1,0,-1,2,0,-4,0,-1
42845443623,0,0,0,-3,9,2,-1,-3
42845443623,1,-1,1,7,9,-1,-2,-1
42845444428,0,-1,-3,1,-11,-1,-3,-1
42845444428,-2,1,2,-4,12,-1,-1,3
42845457974,-1,-3,-1,3,-1,5,-1,0
42845457974,-2,-2,-1,-20,-13,-2,-1,-3
42845465456,-1,0,0,16,-4,1,0,1
42845465456,0,-1,-2,7,12,0,0,-3
42845480656,1,1,1,0,-4,3,0,1
42845480656,-1,-2,-4,-5,-13,-3,-2,-3
42845496829,-3,-1,0,-5,1,-1,-3,-1
42845496829,-2,1,1,-2,-14,0,-1,-2
42845503613,-1,-1,-5,-5,14,-2,2,0
42845503613,-3,-2,-1,8,-8,-1,-2,-2
42845504411,0,1,1,-8,17,-2,-2,-1
42845504411,-1,-1,-2,2,-21,3,-1,-2
42845517944,-1,1,-2,0,4,2,-1,-1
42845517944,-3,-2,-1,2,11,0,-3,0
42845525545,-2,0,0,-3,-6,0,0,0
42845525545,3,0,2,-9,19,-4,-1,0
42845540482,0,-1,1,4,17,1,-1,-3
42845540482,0,1,2,-21,-1,1,2,-1
42845547962,1,0,0,22,-1,-2,-2,-4
42845547962,-3,-2,-2,-3,-2,-2,0,-2
42845563601,-1,0,0,3,10,-4,2,3
42845563601,0,0,0,4,-22,1,0,-1
42845564412,2,0,-2,-10,3,-2,1,1
42845564412,-1,-3,-2,-1,-20,-1,-1,-1
42845577963,0,1,0,-1,11,1,-1,2
42845577963,-1,0,-1,5,11,3,0,-1
42845585535,2,-1,-2,-8,2,-5,1,0
42845585535,-1,-2,-1,-2,8,3,4,0
42845601974,0,-3,-1,0,-1,3,0,1
42845601974,1,-2,1,-10,-20,-6,1,0
42845608645,-1,2,3,-2,5,4,-1,0
42845608645,0,-1,-2,16,10,-2,-2,-2
42845623781,-3,0,-2,9,-18,-1,0,-2
42845623781,0,0,-1,9,11,0,0,1
42845624588,0,-1,0,-7,-8,1,-1,1
42845624588,-1,-1,-3,-7,2,1,-2,-1
42845639508,1,0,3,-1,-5,0,0,-2
42845639508,-1,-1,-4,4,-12,-2,-3,0
42845645456,-2,-4,-3,-6,-7,-3,-1,-1
42845645456,-1,-1,1,-1,-12,0,-2,-2
42845660492,-1,1,-3,-4,-8,-3,-1,-1
42845660492,0,0,0,5,34,3,1,2
42845668738,0,-2,-1,3,-6,-14,1,-1
42845668738,-2,0,3,-3,7,-3,0,0
42845683847,1,0,-4,-2,-5,-4,1,-3
42845683847,0,1,-1,-1,0,1,-2,0
42845684500,-3,-1,-3,7,-9,2,0,0
42845684500,-1,-1,-2,-6,-18,-1,1,1
42845706144,-1,-1,5,-3,7,-3,-1,-1
42845706144,-1,-3,-1,-7,-25,0,1,-4
42845706947,1,2,-3,2,32,2,-1,0
42845706947,0,3,4,0,-4,-8,-2,-1
42845720593,-2,0,-3,-13,-33,-1,0,1
42845720593,1,3,3,16,54,8,1,2
42845728686,-1,-3,-3,-13,-37,-9,-1,-3
42845728686,1,0,-1,5,20,11,0,1
42845742998,-2,-2,-1,-6,0,-1,-1,0
42845742998,-1,-2,0,10,-18,-2,-2,-1
42845751141,0,-2,-2,-6,10,4,-3,-2
42845751141,1,-2,-2,-3,-9,0,1,-1
42845757996,0,0,2,3,13,8,-1,1
42845757996,-3,-3,-6,2,-22,-1,-2,-4
42845765504,-1,4,5,2,25,6,-2,0
42845765504,-1,0,-2,-2,-17,-8,-4,-1
42845780619,1,-1,-1,-3,9,2,-2,1
42845780619,-3,-2,-2,-5,-9,0,0,-1
42845788049,-1,-2,0,6,24,-2,0,1
42845788049,-2,-1,-4,-9,-18,4,-1,-1
42845811812,0,0,3,9,1,0,1,1
42845811812,0,-2,0,-8,-18,-6,-5,-2
42845812620,0,-1,-2,-1,2,6,2,2
42845812620,1,-2,-3,-12,1,-1,2,-1
42845818064,0,-2,-1,23,39,2,0,0
42845818064,0,1,-2,-15,-27,-5,-1,-1
42845825566,-2,-2,0,4,-25,9,-2,-4
42845825566,0,-1,1,-19,-2,-11,-3,0
42845848698,-1,-1,-4,-10,6,-1,-5,-3
42845848698,0,1,2,19,8,-5,-1,0
42845849471,-3,-3,-2,-1,6,-3,2,-2
42845849471,0,-1,0,7,13,6,0,0
42845871988,-1,-2,-3,-1,-11,-6,1,-2
42845871988,0,-2,-3,-23,7,-4,-2,-2
42845872594,0,-2,-1,3,-38,-2,-1,-2
42845872594,-2,0,2,16,39,6,3,0
42845886256,-1,-1,-2,-17,-6,2,2,0
42845886256,0,0,-1,-4,-6,1,-3,-1
42845886973,0,1,-1,21,0,-9,2,2
42845886973,-2,-2,-1,1,-6,-5,0,-1
42845900489,0,1,0,18,7,2,-2,1
42845900489,0,1,-2,-8,-12,-4,1,1
42845916217,3,3,-1,-39,-43,2,1,1
42845916217,4,6,7,49,71,3,-4,4
42845922987,-2,-3,-9,-19,-10,-3,-3,-1
42845922987,-3,0,1,5,-15,1,1,1
42845931330,-2,0,2,20,23,3,-1,0
42845931330,0,-3,-5,-34,-43,-7,-1,-2
42845954350,1,1,3,43,4,2,0,-2
42845954350,0,-2,-2,-11,25,0,1,1
42845955121,-4,-2,-2,-8,-42,-2,-2,-3
42845955121,-4,-3,-6,-27,-9,1,-2,-1
42845960457,0,-1,1,43,26,0,1,1
42845960457,-1,-3,-2,2,8,-1,1,-2
42845968158,-1,0,1,-11,-21,-6,0,0
42845968158,-1,0,-3,-3,-13,3,-2,0
42845983127,-1,-2,0,-17,1,-14,-1,0
42845983127,0,1,-2,-2,-5,1,0,4
42845991212,1,0,1,9,36,-1,-1,0
42845991212,-1,-5,-3,-21,-23,4,-2,-4
42846006124,0,0,-1,3,14,0,-1,-2
42846006124,-2,-2,-4,-24,-27,1,-1,-2
42846006920,-1,0,-1,17,12,-2,-1,0
42846006920,5,-2,-5,-17,-49,-7,-2,-1
42846020533,-7,0,3,17,58,6,2,2
42846020533,-1,0,4,8,-25,-2,-2,-1
42846028728,0,-3,-5,-51,-22,-4,-1,1
42846028728,2,4,1,39,18,-4,4,1
42846043500,4,2,1,-2,-1,1,0,0
42846043500,-1,0,-1,6,42,4,0,-1
42846051162,-5,-3,-2,-18,-36,-4,-2,-5
42846051162,-2,-2,1,0,39,1,0,-4
42846066127,1,-4,-4,-20,-52,-4,-1,5
42846066127,-5,-3,-2,8,17,1,-1,-1
42846067031,1,-1,-3,2,6,2,-2,-1
42846067031,-2,-1,4,17,-14,2,2,-1
42846080602,3,3,4,-8,-22,-9,3,5
42846080602,3,4,1,-13,11,3,0,5
42846088773,3,3,-2,-10,-12,0,0,5
42846088773,-3,0,0,35,-33,-1,-3,1
42846102957,-3,-3,-6,-30,-40,1,-2,-10
42846102957,-3,-1,-4,-19,-41,-10,-6,-3
42846111174,0,1,6,63,111,3,-2,-1
42846111174,-3,0,-2,-15,-16,-1,-7,-4
42846126292,10,-5,-2,-13,-1,-1,4,-7
42846126292,-11,-3,-4,3,-23,-5,3,-2
42846126925,1,0,2,3,64,-2,3,5
42846126925,0,-3,-5,-26,-14,0,-2,-2
42846140503,-2,2,1,-1,11,4,-4,-3
42846140503,5,0,1,10,-13,2,0,-2
42846148704,2,-1,1,-10,-16,0,-1,-2
42846148704,-1,3,4,4,79,-10,4,1
42846162972,-3,0,1,-19,-22,10,-4,0
42846162972,2,-2,-1,37,12,-2,15,17
42846171321,-5,-5,-3,-46,-61,-2,-4,-11
42846171321,-2,0,-2,44,-3,-1,-4,-2
42846186277,0,-3,-3,-9,12,-4,-4,6
42846186277,-2,-1,-1,-4,-10,-1,-14,6
42846187053,-3,-3,-4,-10,1,-3,7,-10
42846187053,4,-3,-2,-5,38,4,-3,12
42846200482,0,2,2,-3,4,-4,23,3
42846200482,-2,1,-1,2,20,6,-2,3
42846208695,3,2,0,2,5,3,0,-1
42846208695,-1,1,4,17,11,-5,1,2
42846223133,14,2,-2,6,-24,1,-5,9
42846223133,-12,-5,0,14,-4,-3,-2,-24
42846231261,-8,0,-2,-41,-44,3,6,8
42846231261,0,4,-1,-23,13,1,2,1
42846246198,-8,0,2,52,25,2,-7,-6
42846246198,22,-2,-5,-21,13,6,5,9
42846246999,-2,-2,2,13,-32,-5,-8,-7
42846246999,-3,-5,-4,-23,-95,-2,0,-7
42846260468,0,0,-5,-47,-11,-4,-10,3
42846260468,-1,-1,-2,-10,6,10,19,-12
42846268749,1,-3,0,33,12,-3,-8,10
42846268749,-2,0,-5,-15,-13,1,-2,-12
42846283114,5,4,0,-21,23,-7,-5,25
42846283114,2,5,8,39,43,6,11,18
42846291226,13,-1,1,1,0,2,-3,13
42846291226,-7,-3,-1,2,-8,-1,-5,-6
42846306173,-7,1,0,-5,0,1,-20,-43
42846306173,3,-3,-1,-14,-14,-11,14,11
42846306945,-10,-3,0,-7,-44,-8,10,2
42846306945,-2,-4,-2,16,41,5,-4,10
42846329343,-2,-1,2,32,-40,7,2,-15
42846329343,-4,0,-2,-22,-30,-10,-14,-8
42846330298,4,-1,1,32,58,0,-6,-14
42846330298,0,-1,-1,-16,-38,-7,9,-6
42846343006,-8,-4,-6,-27,-49,-3,-11,6
42846343006,12,2,1,25,11,-4,-2,-26
42846351215,-12,2,1,-21,23,15,9,5
42846351215,2,-1,0,49,-15,-14,-3,5
42846366155,-1,-6,1,2,45,1,1,-9
42846366155,10,2,-2,0,-31,-3,-14,39
42846367101,-20,-1,-5,-19,13,20,22,34
42846367101,-2,-1,-4,-45,-10,-15,-7,-42
42846380506,-3,1,-2,2,-13,-8,11,6
42846380506,-2,-2,1,-28,-15,10,-14,-10
42846388731,9,11,2,48,68,-19,10,-9
42846388731,1,19,-1,26,-32,22,-14,13
42846403005,-1,44,2,-17,1,-9,5,15
42846403005,-9,57,-8,-60,-9,-20,-13,-22
42846411186,7,64,6,76,-7,0,24,-5
42846411186,-5,39,-3,-35,-48,-3,-1,-4
42846426306,6,21,-2,0,-28,6,1,-7
42846426306,-7,5,5,44,-4,3,-8,9
42846426995,3,0,-4,-59,-21,-7,-10,-13
42846426995,5,-9,5,34,57,14,8,13
42846449375,10,-16,-5,-22,-54,1,3,3
42846449375,-25,-29,-2,6,-99,5,-4,-53
42846450176,11,-59,3,-3,9,-5,-17,38
42846450176,4,-79,9,34,25,-21,4,42
42846463008,-3,-99,-3,-31,1,14,9,-4
42846463008,17,-113,4,14,35,-2,5,18
42846471336,-25,-42,-3,-29,-59,2,-10,-14
42846471336,-11,31,2,6,43,-3,-4,-5
42846486216,1,73,2,66,65,-12,3,3
42846486216,14,73,6,28,59,12,0,22
42846487164,-3,44,-10,-9,-94,-7,-19,-31
42846487164,4,16,-1,-40,47,5,27,20
42846509459,-24,-22,-8,-6,-39,3,-12,1
42846509459,4,-28,-8,14,-33,-1,4,4
42846510202,-6,-27,-9,-65,75,-3,-7,-7
42846510202,3,-22,2,47,-17,0,0,-19
42846523215,-2,-24,1,22,9,-8,8,-5
42846523215,3,-13,-1,3,2,-29,6,3
42846538733,9,-22,-8,-46,-57,-5,-18,-7
42846538733,16,-1,7,5,67,26,24,13
42846554349,-3,-14,-5,-5,62,-1,-9,10
42846554349,-18,7,2,-5,46,-4,4,1
42846555147,-6,0,0,-14,34,6,7,-7
42846555147,-14,-1,-7,-8,-86,-9,-14,3
42846560518,0,14,6,9,102,-9,2,-1
42846560518,-3,18,2,-44,26,44,6,2
42846576286,-1,16,10,125,47,16,1,-23
42846576286,5,-11,-3,-32,-35,18,-9,-19
42846583227,13,-9,3,-4,-54,-10,-2,-7
42846583227,19,1,5,-27,84,-3,7,18
42846591233,-7,2,-1,-13,42,-3,10,-7
42846591233,-9,13,2,0,-4,-15,2,-3
42846605930,-3,12,-2,4,-63,9,-6,9
42846605930,-13,21,0,-7,-43,-11,20,-13
42846613653,43,4,-4,17,-50,-11,-8,14
42846613653,-13,2,-11,-55,-23,-12,-10,-13
42846620709,-8,21,4,21,-42,13,12,60
42846620709,-22,3,-13,15,-9,-20,-15,-1
42846629500,4,3,6,56,34,20,-4,10
42846629500,14,-3,-4,-51,32,9,17,17
42846643062,14,-17,-5,-4,-22,-4,-8,-14
42846643062,-9,-18,-11,-26,-46,-12,-10,-43
42846652000,-2,9,6,11,25,13,5,7
42846652000,-16,-6,-6,16,-66,-10,-24,-42
42846665532,17,7,8,37,86,55,30,7
42846665532,-22,-10,-5,41,-68,-10,-23,9
42846682724,-11,-4,-5,-44,-13,-19,18,-2
42846682724,4,-22,-12,-77,-83,-38,-25,-20
42846683670,0,-2,3,73,2,-15,-11,-10
42846683670,17,0,3,-20,-10,4,29,4
42846689545,-8,-13,-8,-70,-99,-5,-15,30
42846689545,-1,9,9,15,58,23,9,20
42846710989,-12,-6,-1,0,-44,-20,-18,-41
42846710989,26,-4,-4,-58,-37,0,-16,16
42846728481,-24,2,-2,33,31,5,0,-18
42846728481,7,9,4,44,38,18,14,30
42846729220,-1,-2,-3,-84,-48,-21,-4,-5
42846729220,17,-6,0,34,-56,-24,-12,-21
42846734506,-9,-6,-4,-30,-3,2,1,-19
42846734506,-20,2,-4,-57,63,17,-18,-51
42846749469,28,-9,-2,11,14,-2,-10,-48
42846749469,-51,0,-3,-69,33,25,-4,62
42846751040,-23,13,4,15,1,-1,-4,-5
42846751040,13,8,5,34,28,0,-3,-33
42846763028,-20,-4,-8,-38,-2,-14,-3,50
42846763028,18,6,8,10,64,2,-4,-11
42846772071,8,-8,-8,6,-51,-31,-3,-2
42846772071,-48,-11,-1,10,18,15,-1,32
42846785686,29,-10,-14,-65,-24,-19,-3,-36
42846785686,1,-4,15,127,7,94,3,-27
42846794538,9,-12,-6,-54,-121,-40,-19,5
42846794538,-3,-7,-7,-68,-101,-22,13,-13
42846800518,-14,-12,0,46,-58,18,18,-10
42846800518,-11,-2,3,-56,-94,-15,-17,-21
42846817152,2,5,16,33,76,3,14,9
42846817152,-12,9,10,-11,-31,-6,-11,-6
42846823076,-1,19,30,45,57,61,7,2
42846823076,-16,16,1,-16,25,-16,4,6
42846832069,12,0,-4,-27,16,58,1,11
42846832069,17,34,19,104,124,6,13,50
42846854378,-12,-7,-10,-77,-67,-13,4,5
42846854378,0,-14,-5,2,36,57,12,-10
42846855979,9,-11,3,-15,-40,-25,-10,-13
42846855979,8,-2,12,84,50,32,20,24
42846860508,18,41,22,-21,-38,80,17,41
42846860508,10,30,-1,-35,-41,-41,-9,-15
42846869563,-8,16,0,-11,-14,-55,6,-10
42846869563,-10,17,-35,-110,-120,-25,-18,-24
42846883118,-21,-8,8,126,127,-4,-20,2
42846883118,1,-19,-8,-52,-2,3,4,-22
42846892016,-16,10,-1,-1,-27,25,4,27
42846892016,21,46,46,43,20,30,2,1
42846914414,-39,65,25,-31,7,48,-5,-4
42846914414,-20,119,23,-22,17,9,9,34
42846916013,-7,66,-37,2,-27,19,21,0
42846916013,-64,73,-75,-48,81,9,-11,-61
42846936996,3,26,-92,-68,-69,-16,-12,-48
42846936996,-41,-56,-76,-49,-46,-19,5,-78
42846938471,22,-54,-21,10,-32,47,-3,17
42846938471,53,-109,5,53,15,-1,14,0
42846943080,-36,-103,-3,-60,-38,-87,-2,12
42846943080,28,-60,12,-32,107,-57,-9,10
42846959568,50,-26,44,90,112,56,1,31
42846959568,26,-46,24,-36,19,35,4,24
42846965563,33,-18,29,73,109,-1,-15,1
42846965563,21,-27,38,39,21,97,6,32
42846974609,6,-112,-31,-89,-72,-81,-10,-27
42846974609,-53,-68,2,-10,-128,-16,-4,-4
42847005065,76,-1,28,48,98,-1,0,5
42847005065,-18,21,52,64,88,74,18,9
42847006666,59,86,111,-35,13,-3,1,62
42847006666,42,117,77,88,-23,44,18,32
42847007452,-40,10,-35,-64,-93,13,6,-21
42847007452,84,-29,-74,100,18,30,0,9
42847012021,-61,9,-88,-6,1,-46,-21,-41
42847012021,-24,1,-61,-37,26,-85,-19,-24
42847025585,-49,117,4,34,-128,16,32,35
42847025585,30,69,52,37,-63,47,-1,30
42847034687,-16,22,92,-23,53,-29,0,-10
42847034687,72,-81,76,58,3,65,5,18
42847049447,47,83,115,4,33,13,-12,43
42847049447,76,-19,107,-6,9,-128,2,107
42847050994,-73,-76,-80,77,8,-24,-10,-22
42847050994,-4,-56,-123,-71,38,48,-7,-16
42847063030,-51,-75,-128,-92,103,-33,-3,-124
42847063030,-88,50,-109,17,62,-25,6,-87
42847072145,-10,41,-40,-26,-14,-4,10,-53
42847072145,-42,-14,-25,80,58,-62,-20,-48
42847094429,-56,-18,-19,57,-89,-67,-7,13
42847094429,-27,-21,10,16,-10,-33,-16,-17
42847096028,25,-12,-3,-75,-56,10,-1,-3
42847096028,-26,30,13,36,-37,13,-2,24
42847109422,87,9,50,-84,9,11,3,38
42847109422,-8,-27,-3,-105,-40,-8,-3,-5
42847111001,18,-13,3,29,-6,42,2,7
42847111001,5,-4,7,-107,-53,-76,16,27
42847131947,-8,-32,6,-37,-39,-13,22,9
42847131947,0,-40,-14,-1,-83,-32,-4,-6
42847133538,-4,-28,17,-14,71,63,7,-4
42847133538,14,-14,18,-34,-9,-13,-7,9
42847145591,2,-52,40,14,32,-1,1,2
42847145591,-22,17,78,-71,0,7,-2,-6
42847154574,18,67,101,-90,-12,-18,-15,7
42847154574,16,61,57,-49,32,-61,-12,11
42847168637,-3,29,-1,-1,28,35,-17,-1
42847168637,4,21,-48,49,-26,-55,13,-2
42847177071,18,32,-43,45,24,16,-6,4
42847177071,11,-47,-24,38,-57,6,3,3
42847183165,-19,-33,-41,36,-11,-16,3,1
42847183165,-70,-74,-55,-43,-60,-15,-9,-11
42847199562,2,36,-25,110,32,-3,4,26
42847199562,-33,1,-42,-8,-47,1,-5,-24
42847205551,10,-101,-30,-24,-16,-5,-8,-6
42847205551,25,-101,-23,70,23,8,4,-1
42847214564,-3,-113,-56,13,-7,-4,2,-9
42847214564,16,-118,-5,-5,4,41,3,12
42847229448,-1,-108,-25,-8,-30,-52,1,-6
42847229448,20,-62,-18,-19,-8,34,-8,2
42847231071,49,18,23,-1,2,12,-1,-4
42847231071,9,56,9,-17,-11,-26,-8,-9
42847243078,-33,60,5,-53,-13,45,0,-1
42847243078,-15,73,8,-7,-19,13,-6,-1
42847252069,-34,-4,1,-18,-63,-20,1,-4
42847252069,12,21,15,12,76,42,4,-2
42847265628,6,-6,1,-18,-20,-10,-5,0
42847265628,-9,75,7,-24,-24,-54,9,6
42847274584,12,25,-1,-8,-33,4,-6,-8
42847274584,16,82,15,39,39,4,7,8
42847289467,7,85,4,6,-4,-11,2,-4
42847289467,-4,60,-10,48,16,2,-7,-6
42847291016,-21,24,-18,11,11,-9,-5,-10
42847291016,-31,34,-28,-14,-39,-11,6,-1
42847303041,-1,18,10,50,26,1,-3,2
42847303041,0,14,4,-27,-17,-18,-11,-10
42847312055,-10,29,30,16,20,-9,5,-4
42847312055,4,34,18,7,-32,11,-7,-1
42847325576,9,21,16,-3,37,-16,-1,-1
42847325576,18,16,4,-37,21,8,9,8
42847342062,3,-23,3,-49,-30,11,1,-2
42847342062,13,-17,5,-22,-28,-19,-4,-1
42847349437,9,-34,-12,-7,-22,-44,-7,-7
42847349437,13,-27,-3,-3,-3,2,-6,1
42847351037,5,-17,-9,8,11,-15,12,6
42847351037,2,16,-8,-11,-4,-3,-3,-5
42847372041,5,31,7,17,10,21,-7,4
42847372041,6,23,17,19,20,21,-4,-2
42847373639,-4,12,9,9,15,11,4,0
42847373639,-11,-14,-11,-4,-24,-5,-2,-3
42847385635,-5,9,-8,15,12,-2,-2,2
42847385635,-4,7,-14,14,13,13,1,-6
42847394557,-13,-2,-11,-3,-12,-1,-3,0
42847394557,-9,-23,-1,5,5,-3,0,2
42847409434,-5,-15,5,-5,-11,7,-3,1
42847409434,-3,-7,18,-3,15,-4,3,3
42847411042,-5,-12,5,-10,-8,9,-3,-6
42847411042,-11,-20,-4,-17,-15,-3,2,-2
42847423123,-1,2,5,-3,-30,6,1,-1
42847423123,0,-9,-5,-12,7,-3,-6,0
42847432102,4,9,2,3,-14,7,3,3
42847432102,1,-9,-3,-7,1,2,1,1
42847454460,1,-5,-4,-7,-22,3,0,-1
42847454460,3,1,2,5,-6,1,-3,-1
42847456019,-4,-8,-3,-13,5,-1,-4,-7
42847456019,1,-3,-4,2,3,-9,4,6
42847477099,2,12,5,9,4,5,0,-3
42847477099,3,4,-5,-35,-19,9,9,1
42847478581,4,6,-1,34,11,-1,-3,0
42847478581,4,-8,-2,-8,-12,6,-4,-4
42847483228,4,-6,-7,-8,-2,-1,0,4
42847483228,3,3,2,-1,33,7,0,4
42847492116,-4,-11,-3,-6,-14,3,-3,-4
42847492116,4,8,14,12,47,26,7,6
42847514417,0,-14,7,10,4,2,4,4
42847514417,-4,-15,1,-4,-22,-3,-2,-5
42847516080,-1,10,1,-1,22,-5,1,1
42847516080,-2,7,-8,-1,0,-7,-1,1
42847529574,1,2,0,5,2,17,1,-2
42847529574,1,-10,-4,7,-9,-5,-4,-2
42847531045,-1,-1,-1,-5,1,-8,1,0
42847531045,0,7,-3,-9,-17,4,-3,-3
42847543109,-2,7,0,2,-8,1,1,-3
42847543109,4,9,4,9,-7,4,0,4
42847552090,-4,-9,-5,-14,-12,1,7,0
42847552090,1,3,6,4,27,0,1,-1
42847565550,3,-3,-2,2,9,3,-1,5
42847565550,-2,-9,-3,-2,-13,-8,0,-4
42847582078,0,-5,-4,-15,4,6,-2,1
42847582078,-4,-12,-1,2,-10,-18,-5,-7
42847589456,1,3,0,0,3,-7,1,1
42847589456,0,6,3,7,4,9,2,3
42847591084,-4,-6,-3,-3,-18,-17,-4,-1
42847591084,-4,-13,-4,7,14,44,-2,3
42847603032,-8,-10,1,0,9,0,-5,-14
42847603032,-10,-23,-7,-14,-13,-5,-5,-9
42847612059,-4,-2,2,2,1,-4,-1,-1
42847612059,2,7,7,14,4,9,1,7
42847626478,-1,-2,-3,-7,-11,-6,4,5
42847626478,0,-3,1,14,4,4,0,4
42847633233,0,0,-3,-9,2,13,-1,3
42847633233,-1,-6,-1,0,-24,-14,-1,-3
42847648770,-5,9,0,-7,18,6,0,6
42847648770,-9,-8,-1,0,-13,-10,-1,-2
42847663710,-5,-7,-4,-3,-8,-4,-6,-5
42847663710,-4,5,-3,-8,-1,-13,2,-1
42847664544,-21,6,-7,-4,-7,-9,-13,-38
42847664544,9,-18,-6,-1,4,5,5,26
42847672182,-2,11,8,28,11,-4,-28,-2
42847672182,14,2,-3,-12,-12,5,22,6
42847686874,6,-10,-2,0,-1,6,12,2
42847686874,15,3,1,-5,-5,-2,-5,-5
42847693066,6,2,-3,-1,-9,-7,-8,-3
42847693066,-1,6,1,1,4,-28,5,-4
42847708803,5,-2,-8,-17,-23,-36,-8,12
42847708803,-19,8,1,-7,14,-20,-9,-72
42847715563,1,20,3,-9,-2,13,13,83
42847715563,4,8,-5,12,-2,-6,-8,-7
42847723198,-36,-13,-2,-5,5,16,12,-8
42847723198,35,-7,-5,29,-25,-6,-33,5
42847732096,-11,0,2,-12,34,-2,-13,-44
42847732096,-21,-9,7,-4,-7,11,18,15
42847746325,50,-2,3,10,3,26,43,60
42847746325,-10,0,3,-3,-5,2,27,5
42847753056,13,-8,0,3,-5,-10,-9,-12
42847753056,16,-9,-7,0,9,21,7,17
42847768944,8,7,6,14,3,-13,-14,-21
42847768944,-13,11,5,-6,11,-33,14,-11
42847775671,10,-9,-6,-3,-3,21,12,-2
42847775671,-7,-7,-3,-9,-6,-5,-4,-11
42847783152,-4,-7,-4,1,-11,-6,-39,-15
42847783152,-6,-4,-2,-5,12,3,-7,-3
42847792108,-7,-13,-4,5,1,-9,9,-5
42847792108,-7,-20,-5,-15,-20,-18,-42,-56
42847806324,-40,21,9,15,15,10,-10,23
42847806324,50,14,-3,-10,-24,0,46,37
42847813063,27,-16,-3,12,6,2,7,4
42847813063,13,-13,-7,3,6,6,39,39
42847828788,3,5,-1,-2,0,-10,-35,-13
42847828788,-80,0,6,-7,24,-11,2,-27
42847835733,11,5,-6,-10,-33,-2,7,-39
42847835733,38,-3,0,-2,38,-21,-24,34
42847851971,10,-3,-4,2,-9,-20,68,19
42847851971,-4,-5,-4,3,-19,11,-24,15
42847853541,-19,-10,-2,-3,1,6,2,-6
42847853541,-2,3,-2,-12,-24,-1,-9,-22
42847866957,-8,5,7,12,13,7,-9,-28
42847866957,-16,1,-5,-4,7,8,-22,-17
42847874577,15,5,2,-3,10,-6,20,14
42847874577,-7,-1,0,3,-15,14,9,-9
42847888788,-17,-15,-4,-11,2,-19,-38,-13
42847888788,72,10,-4,1,-17,30,32,2
42847895556,-51,3,7,17,16,31,-24,-11
42847895556,17,5,-1,5,-5,18,15,107
42847911962,49,-9,-10,-6,-1,10,-5,16
42847911962,-28,1,-32,-8,1,-16,-78,-29
42847913588,17,-5,59,-8,-26,-32,11,4
42847913588,-38,6,66,3,74,8,-8,-36
42847926483,-9,3,64,5,-12,15,0,3
42847926483,7,-4,2,-7,27,-18,33,-1
42847933253,6,-38,-38,8,3,13,26,40
42847933253,19,12,-19,0,-32,4,-63,-6
42847948799,-10,20,-46,-6,-17,-56,0,-6
42847948799,-16,3,-21,-3,-16,39,20,-2
42847963050,11,13,-22,-8,-4,-8,-55,9
42847963050,-55,-6,-11,-10,-28,4,45,-44
42847972070,-3,-2,-11,-3,4,-11,-45,-82
42847972070,-14,-8,6,9,-12,37,-4,82
42847973603,-61,18,23,-3,-4,5,61,59
42847973603,87,19,-9,12,-3,-14,0,21
42847986208,45,-25,-10,6,-23,26,24,-17
42847986208,-48,-47,-6,4,-22,-35,-28,-11
42847994573,39,-14,-53,-6,23,77,52,17
42847994573,-36,15,30,-14,4,-19,-34,-51
42848008795,13,22,-3,-13,-18,-41,49,9
42848008795,4,-11,39,7,72,-22,-71,-104
42848015652,-13,54,12,6,11,-7,-41,42
42848015652,-52,18,-3,4,-28,-21,13,-8
42848032081,-10,-74,-36,-12,-18,99,4,-2
42848032081,66,11,-41,10,5,-36,-6,99
42848033596,-13,-24,16,-18,6,5,-28,-62
42848033596,18,37,10,-4,13,-17,12,9
42848046263,-4,74,75,20,-12,24,-20,-30
42848046263,0,-39,40,43,31,47,42,17
42848053083,18,-17,-117,-11,-10,-77,83,22
42848053083,-118,-80,65,-2,-41,-54,-79,-94
42848069259,27,54,-128,-21,39,52,45,59
42848069259,65,45,71,-27,-62,-23,15,12
42848075668,41,-49,72,-6,42,-9,-22,54
42848075668,5,-66,27,-9,9,-8,15,-48
42848091988,-17,49,72,17,6,-25,32,92
42848091988,-45,53,40,4,-13,-22,-61,-103
42848093593,4,-20,17,27,-30,-34,6,-22
42848093593,86,-14,-56,-8,42,20,38,41
42848114468,-26,6,70,8,48,47,-41,-50
42848114468,11,-23,-74,-4,-30,60,82,83
42848116076,-44,-17,-9,4,-27,-22,-93,-90
42848116076,-28,4,-56,4,51,12,43,10
42848137039,46,27,-17,-17,-38,-6,-7,53
42848137039,-76,-2,30,-29,10,-72,-31,-70
42848138588,32,3,2,2,7,46,-32,-128
42848138588,21,47,-23,27,-59,63,-9,35
42848151998,-5,-42,-11,-18,-1,-58,28,-37
42848151998,-48,-74,-28,-2,0,23,-58,-79
42848153588,74,88,27,0,-47,-36,55,126
42848153588,-22,-21,-26,-15,33,-79,-115,-127
42848165563,-30,-32,3,13,-41,-64,70,68
42848165563,112,-21,-27,5,-12,39,-19,79
42848174646,-27,10,14,2,1,-59,-42,43
42848174646,15,-4,6,-9,50,68,43,-4
42848188783,-3,-112,-11,-4,-84,-19,8,-62
42848188783,-45,-9,-8,18,73,12,28,-8
42848203138,-28,15,2,2,-16,-51,22,-65
42848203138,-24,41,6,-12,-26,-2,-5,31
42848211921,-53,-6,-36,-3,-23,-88,-65,-83
42848211921,-4,49,9,-14,3,68,40,2
42848213535,-37,-24,-7,-9,10,22,-5,-50
42848213535,-1,2,-1,17,-7,-1,-12,101
42848225716,-34,-32,-6,2,9,27,28,-52
42848225716,-2,18,11,-1,34,-42,13,-34
42848242098,6,3,-7,-6,-16,-5,-57,-58
42848242098,-30,5,2,4,-7,-22,78,10
42848248815,11,8,12,0,54,35,-32,29
42848248815,67,28,9,2,-24,-27,94,-26
42848255604,-7,-28,-20,5,34,49,-92,3
42848255604,-37,22,0,-5,-14,-19,28,-51
42848287729,34,25,19,4,42,1,-29,1
42848287729,-80,-31,-23,-15,-31,0,-30,-11
42848289229,74,5,8,13,-47,-30,127,10
42848289229,12,-9,-11,1,-13,41,-48,82
42848290015,-13,18,40,9,15,-6,25,103
42848290015,39,34,6,4,-12,15,-20,32
42848294553,-33,0,15,-13,4,-27,-5,41
42848294553,30,-21,-14,33,68,56,-28,-97
42848308868,-9,-3,-12,-13,-35,-14,-1,5
42848308868,45,-12,5,-2,-15,-10,25,-5
42848315612,-35,7,-1,5,20,42,-31,-88
42848315612,57,12,-4,-6,-46,-36,-26,25
42848332053,-9,-20,-7,14,63,40,-20,-58
42848332053,-48,-9,11,-3,-9,8,11,40
42848333644,32,9,-9,-12,-17,0,4,12
42848333644,-11,-26,-5,7,-23,-20,24,16
42848345584,36,26,-4,17,70,5,-40,-11
42848345584,-9,13,-3,-21,-23,-29,25,25
42848354603,-20,-9,6,-3,-22,20,19,34
42848354603,-12,18,18,0,28,45,-20,30
42848378092,66,-30,-22,-47,-71,-16,-10,-36
42848378092,-51,-2,-2,35,-9,-64,-22,-55
42848383299,1,23,7,-12,64,39,35,-1
42848383299,-2,-16,-10,-7,-57,-47,-70,-66
42848391983,-2,-22,-12,-19,37,-11,6,51
42848391983,-94,-24,-28,36,-6,43,-28,114
42848393601,98,33,-5,-31,-53,36,51,127
42848393601,30,-31,9,-9,30,2,16,113
42848405661,-37,-20,-8,40,-19,7,-50,5
42848405661,117,3,-12,-10,8,-27,29,-102
42848414593,-44,-9,16,12,34,5,-24,-72
42848414593,95,55,8,2,-7,3,29,-108
42848428806,-64,-30,2,17,7,17,58,-100
42848428806,37,44,2,-13,24,-31,1,-39
42848435791,80,53,-8,40,-28,10,-38,-15
42848435791,-59,-70,-5,-26,-7,-14,32,-77
42848452464,-100,-18,2,6,-32,29,-20,14
42848452464,87,22,3,-16,7,19,-11,3
42848454085,14,-53,-14,-8,6,-57,6,-14
42848454085,38,4,7,-35,-32,-17,-10,64
42848482155,-52,-39,17,46,102,-73,-26,11
42848482155,-59,-26,-1,-18,41,36,23,64
42848483698,-22,-8,-6,-36,-53,-13,-12,90
42848483698,78,28,10,32,25,29,38,120
42848488835,-12,21,0,-22,-33,-10,-9,-16
42848488835,-39,34,5,24,-4,-36,-48,-70
42848495621,-17,21,21,25,20,19,16,60
42848495621,-42,-9,-8,-3,-1,-2,23,-10
42848511739,127,38,-3,-14,-56,63,66,79
42848511739,-77,47,-13,-28,-30,28,-21,16
42848518192,-62,41,-5,-20,-3,-19,29,-20
42848518192,2,26,1,13,-21,18,-11,-18
42848525870,37,12,13,-2,9,1,26,7
42848525870,-3,-81,-9,12,5,-9,13,-65
42848558236,44,-63,-9,6,25,-57,-14,-128
42848558236,-29,3,6,-15,1,21,-8,13
42848559039,-13,-36,-19,-10,9,-55,-16,-55
42848559039,-27,-3,10,0,31,16,-4,127
42848564609,41,3,3,-5,12,20,3,96
42848564609,-83,4,-11,24,58,-26,-26,97
42848571457,-44,-19,4,5,35,23,55,64
42848571457,109,36,15,-22,-30,-30,4,24
42848586465,-91,-41,-8,24,70,24,-30,6
42848586465,-60,17,9,14,14,-27,7,-52
42848587159,62,44,-5,0,-5,2,-31,-30
42848587159,57,15,-7,0,-45,-16,12,-57
42848594571,-64,-11,-8,-15,-18,28,28,-74
42848594571,36,7,1,-18,-36,13,-3,17
42848616057,3,19,10,-2,19,17,10,-2
42848616057,51,12,9,11,-6,14,-10,15
42848624685,-9,-9,-4,-1,3,0,5,-50
42848624685,48,-15,-14,8,-21,-1,5,-66
42848631353,-43,-2,0,-15,-29,4,-45,-9
42848631353,1,6,-1,-5,-9,0,-21,-76
42848638106,33,-13,0,18,-40,-12,-7,120
42848638106,32,-3,-26,0,29,-2,-35,-72
42848654469,53,10,11,-26,-20,23,16,86
42848654469,-49,-34,13,-2,35,-13,-11,-60
42848656085,-128,-23,-3,-13,6,38,-8,19
42848656085,120,-2,5,9,-44,-56,35,84
42848668983,-10,-1,-22,-1,-14,-12,-48,-37
42848668983,-17,-26,-8,-13,-7,9,6,41
42848675774,-3,23,4,9,12,-5,4,-104
42848675774,-53,2,5,-14,-54,-7,10,14
42848691339,46,34,-1,22,23,-5,-1,21
42848691339,70,-68,-8,-32,-1,1,-41,-12
42848698149,15,12,-3,8,-20,-12,-55,-5
42848698149,3,5,4,0,11,54,12,-12
42848705586,-9,17,1,-5,-22,8,18,-5
42848705586,62,9,0,21,4,-29,11,28
42848714626,122,-4,-5,-4,16,-15,-7,15
42848714626,-104,-39,7,-6,15,29,20,-89
42848728860,42,18,4,-8,-59,20,-8,5
42848728860,-15,-4,-15,-2,-9,3,11,18
42848735618,55,-10,10,2,20,-28,15,14
42848735618,57,-2,5,-15,-20,-10,23,10
42848759481,-66,-13,-1,-1,14,-12,-5,15
42848759481,-62,-4,3,7,-3,44,49,91
42848761083,-46,36,2,15,-6,-7,-11,39
42848761083,-23,1,-11,-20,21,-14,-13,-10
42848774581,-42,2,15,52,-10,14,11,-38
42848774581,-22,1,-8,-26,-94,9,-2,19
42848776226,61,-2,-9,-2,74,3,9,-2
42848776226,7,-14,11,4,-11,-1,19,5
42848796968,-30,-97,-10,-14,10,13,-47,11
42848796968,17,-97,5,18,46,-2,30,16
42848798583,14,-66,3,1,-56,-9,-39,-42
42848798583,-21,-24,3,6,27,-4,8,50
42848811330,21,32,2,-13,47,23,28,-55
42848811330,70,62,9,14,-12,-11,8,6
42848818290,-59,35,8,-1,-24,2,-51,-55
42848818290,49,72,-6,4,8,-14,-14,-45
42848835015,55,61,7,-6,-32,9,35,-32
42848835015,-5,43,-4,8,61,28,-37,83
42848836644,13,26,-7,-49,-23,70,56,63
42848836644,-4,29,18,36,2,9,1,34
42848848840,9,10,-11,0,14,-10,-28,2
42848848840,-17,24,11,-18,-53,-18,11,-83
42848863179,-8,11,-5,4,5,8,-4,-36
42848863179,-12,-16,-17,7,-2,15,-17,-48
42848871345,-10,1,9,-58,-44,36,28,-48
42848871345,-21,3,-3,24,20,-37,-11,-41
42848878137,48,19,0,0,-14,-8,-12,3
42848878137,-91,-21,1,-1,-5,5,56,-13
42848893604,45,13,-2,6,-15,-28,-18,100
42848893604,-16,-15,-9,-28,-34,38,26,20
42848902152,-21,-4,4,-58,3,47,40,-37
42848902152,70,1,-2,69,11,-36,-31,32
42848908836,-98,-28,-10,7,9,4,2,6
42848908836,-31,-6,-8,-7,-9,-27,-11,-8
42848940245,10,2,19,6,65,24,19,-33
42848940245,47,-10,-2,-52,13,6,-20,-76
42848941000,-63,-22,-14,35,15,-45,-22,-70
42848941000,13,-7,-8,10,-6,-31,-33,-27
42848942590,-11,-3,6,20,4,6,12,5
42848942590,65,1,5,-13,-19,-4,-11,44
42848954469,-10,-4,-13,-3,4,-46,2,18
42848954469,-16,-1,-5,-4,50,14,-2,23
42848956111,81,29,5,11,29,-1,18,52
42848956111,-122,-43,-2,-45,-18,-30,-32,-34
42848968952,57,18,19,51,24,-19,3,23
42848968952,-14,-5,6,-2,-61,42,0,2
42848975718,-20,-7,-10,-2,-19,8,9,10
42848975718,21,9,-15,-8,-21,4,-1,5
42848991363,5,0,1,-36,13,-42,-5,-6
42848991363,-17,2,1,-8,1,-11,-3,-31
42849005666,-8,-2,-3,15,-82,-46,-30,4
42849005666,-29,-11,-13,-31,-32,55,19,55
42849014432,14,-3,-3,-38,-21,25,-8,24
42849014432,18,6,4,-63,9,12,5,6
42849016120,-27,-27,-7,62,-18,-56,-27,-16
42849016120,-5,-4,-8,11,27,-18,-21,-3
42849037881,11,-1,7,-36,-39,28,43,-24
42849037881,2,-4,-12,-22,0,-18,-11,-23
42849038595,-23,-9,17,31,-10,-1,17,-13
42849038595,5,18,14,9,51,-7,-9,3
42849052145,10,4,4,32,22,36,9,-2
42849052145,-55,-11,-10,34,2,-51,-2,-1
42849075337,-39,-5,8,17,-31,2,-5,1
42849075337,-14,4,12,-12,-13,28,9,8
42849076925,8,-4,-29,-90,106,3,1,-27
42849076925,23,9,32,44,48,11,15,-25
42849077576,16,-11,-35,-30,-13,-17,-11,-17
42849077576,29,6,10,21,26,-13,6,-11
42849089659,28,5,0,16,-12,-20,-15,14
42849089659,10,0,-13,0,-74,2,-7,11
42849103143,1,-5,-2,56,-107,-8,-2,12
42849103143,2,1,-4,9,-41,3,-2,3
42849112134,0,-5,-1,-3,-40,-24,-1,19
42849112134,5,-1,-2,-12,11,26,3,7
42849118215,-8,-4,-3,-53,-33,-33,-14,1
42849118215,15,0,12,37,-6,0,11,9
42849133927,30,-12,-15,4,-28,6,-12,26
42849133927,20,3,-1,-43,11,-22,-18,-61
42849134805,-19,1,0,43,41,1,-4,-40
42849134805,-34,-6,-10,-21,-85,8,-12,-29
42849149670,-23,2,12,-56,7,2,11,-18
42849149670,-8,-8,-17,50,38,-6,0,13
42849155686,7,-6,7,49,95,-12,13,77
42849155686,12,4,4,-16,37,-9,0,54
42849172215,-1,5,16,50,-6,-14,14,21
42849172215,0,2,3,-44,-9,8,0,7
42849178180,-7,-2,1,-40,1,-13,-3,-23
42849178180,-36,-3,-12,10,-5,-2,-2,-13
42849193791,-33,-9,-1,-43,61,-6,3,-3
42849193791,-30,0,14,96,13,22,7,-3
42849194603,-3,1,-3,-37,50,16,5,-2
42849194603,15,4,-12,-32,-60,-1,1,7
42849209683,-2,-5,-6,-12,-60,7,-7,-18
42849209683,-10,-14,-7,-34,-15,-88,19,16
42849215645,28,-8,3,-16,-33,11,0,4
42849215645,26,-2,-2,-18,-7,-8,-2,-7
42849232177,16,-39,-10,8,-32,27,-8,-3
42849232177,17,-28,0,16,-27,51,-21,4
42849246413,-12,-16,-3,-60,17,-5,23,32
42849246413,-10,-9,-1,-21,12,-38,-7,-14
42849253801,8,17,2,46,-5,-3,-3,10
42849253801,9,15,-2,-1,25,55,-4,4
42849254618,-6,7,2,-11,60,-7,3,-11
42849254618,1,16,2,-16,-10,-8,-9,-11
42849269624,-12,29,9,21,57,-58,-18,59
42849269624,-8,19,-11,-6,-60,49,25,-19
42849275799,-8,28,4,-7,-14,23,-9,-27
42849275799,16,16,-6,29,21,16,7,11
42849290689,31,12,11,14,35,50,-6,-12
42849290689,36,8,4,-19,28,-48,-1,8
42849298224,12,9,-4,19,-49,-4,-29,-29
42849298224,20,-10,2,6,9,-3,-3,35
42849315324,11,8,-5,4,-19,65,-12,-28
42849315324,55,-7,12,8,28,13,-36,-86
42849316133,-15,18,-22,-17,-64,1,66,58
42849316133,-5,-23,3,-2,69,30,3,-33
42849329695,82,7,2,2,-16,-38,-14,-39
42849329695,51,13,3,1,25,-25,-54,13
42849352081,-13,-24,-11,-9,-72,-3,9,34
42849352081,-30,0,-8,-21,-46,-40,21,-37
42849353640,-41,-26,-2,3,4,5,12,-21
42849353640,-11,0,1,-16,1,-1,11,11
42849358145,-42,3,14,-15,6,-13,-11,-2
42849358145,19,4,-5,63,73,57,13,78
42849373980,-42,-19,11,-10,-9,-2,-2,13
42849373980,-6,7,6,0,-34,-36,-18,-34
42849374697,-59,-33,-7,-16,47,-19,-34,-5
42849374697,-96,12,4,1,29,54,-17,-32
42849389701,1,1,-15,-11,-41,-7,48,98
42849389701,22,15,6,-19,3,26,26,74
42849395632,-22,-29,-1,-10,34,-68,0,-100
42849395632,-40,14,22,30,18,20,-2,39
42849418931,-66,6,-8,1,13,-16,-1,13
42849418931,29,-4,7,3,-9,-8,102,52
42849419761,127,-6,-4,-12,13,46,-54,-28
42849419761,36,1,14,14,-23,-26,11,52
42849433947,-20,1,-9,24,47,-46,4,-42
42849433947,-52,-19,-7,-18,15,67,4,-41
42849434707,30,10,2,51,78,-18,9,-7
42849434707,31,0,-10,-24,-43,-6,8,3
42849457798,-24,1,0,14,19,54,-3,44
42849457798,-32,-46,-15,30,-21,-82,-23,-4
42849458577,5,13,32,-1,39,57,32,63
42849458577,19,-34,-8,-22,-29,-27,-14,-37
42849470672,46,46,2,12,-29,19,14,0
42849470672,-23,5,9,5,-21,-86,16,19
42849478190,27,53,-14,-4,-22,21,35,76
42849478190,18,-11,52,2,-37,-3,-10,37
42849493870,-17,-10,13,-10,-48,-12,10,-30
42849493870,-2,14,-18,2,18,5,-18,10
42849494575,-33,-10,25,-14,-21,22,-52,-102
42849494575,-46,-12,11,-10,-1,-4,82,-75
42849509661,-36,15,-22,-11,22,7,-50,-7
42849509661,13,-43,-4,-7,53,-3,-12,-61
42849524052,-95,-14,-21,60,73,22,-48,40
42849524052,119,27,-45,5,-23,-26,5,4
42849530844,70,19,-6,-14,-13,4,-10,11
42849530844,6,5,-16,-9,-56,56,22,23
42849538225,4,-5,-8,51,3,-35,8,8
42849538225,-30,-11,-3,-23,6,6,-8,25
42849561357,19,3,11,16,-14,20,8,-12
42849561357,10,13,5,-21,-25,29,-7,-24
42849562118,60,-1,20,-13,-101,1,22,-29
42849562118,-67,-26,6,-2,-3,-19,-62,24
42849569700,38,-7,1,-14,-30,-14,22,-61
42849569700,41,32,12,3,19,-21,-10,-4
42849575818,-96,-13,29,-33,-1,29,20,-12
42849575818,73,36,12,27,37,-20,-32,-48
42849590712,-96,-47,0,-28,-5,22,-15,4
42849590712,-44,22,17,-1,2,3,28,11
42849598157,17,9,-23,-1,-8,-17,-33,53
42849598157,4,-15,-43,-40,-60,37,15,-55
42849613207,13,-4,-5,15,10,-12,25,4
42849613207,-15,-1,-19,9,2,-5,-62,-10
42849620807,57,-7,-22,-8,7,-1,28,-19
42849620807,-47,14,0,20,27,-2,-11,16
42849629802,43,-25,-14,5,-22,8,-18,-3
42849629802,26,16,6,20,29,20,20,95
42849635929,-6,-1,-10,-47,-57,-56,25,9
42849635929,-86,-13,-49,-10,-20,-15,5,-42
42849658824,46,18,55,-9,-8,26,2,43
42849658824,-15,-20,72,-6,3,24,23,-20
42849659629,-24,-3,80,18,40,59,7,5
42849659629,29,4,45,14,9,-5,8,-34
42849673332,3,5,-7,14,42,10,-45,-41
42849673332,-19,-26,-18,-2,-14,14,69,-7
42849680833,-52,16,-27,-18,-35,2,5,-24
42849680833,11,-2,-29,13,10,22,7,9
42849697819,12,4,-21,9,-7,4,-20,-27
42849697819,-7,12,-34,-15,-6,11,-7,-31
42849698683,7,1,-34,4,20,-10,1,6
42849698683,10,-8,-23,-15,-13,-11,-33,44
42849710652,-4,-4,-10,7,17,-39,-4,43
42849710652,-28,-4,-13,27,19,-17,-25,17
42849718362,-18,-8,-16,-27,-12,16,13,22
42849718362,-40,7,11,-11,34,26,8,-96
42849734676,8,-6,6,6,-37,31,6,34
42849734676,35,15,-15,21,9,-35,-38,33
42849740694,82,18,-13,25,42,-31,-31,-18
42849740694,3,11,6,-33,-8,27,30,-15
42849763663,-46,14,9,1,19,-3,16,0
42849763663,-59,-2,-2,16,25,0,-36,-10
42849772200,-8,9,3,8,8,-44,-17,9
42849772200,2,-27,2,-26,-20,15,21,18
42849773831,27,-18,-1,51,56,-65,25,14
42849773831,-61,-30,-16,-32,-48,45,-18,-20
42849778227,18,-12,-16,3,-7,-28,-17,24
42849778227,15,-11,-9,-33,-70,48,6,13
42849801333,10,8,3,-13,33,7,13,-14
42849801333,-1,9,12,11,66,-24,0,8
42849802122,14,-4,0,12,37,4,-3,-20
42849802122,22,7,5,20,15,-62,-27,10
42849816379,-17,-9,-7,-8,-93,7,5,-22
42849816379,25,9,3,-15,-12,25,11,-36
42849817265,-13,-28,-1,-28,-84,11,8,-20
42849817265,25,1,-7,28,5,-14,-23,12
42849838896,-1,8,4,107,3,1,15,38
42849838896,-8,-5,8,83,-54,-22,-21,16
42849839655,7,-3,-4,-3,-41,22,22,-22
42849839655,19,7,7,-46,8,0,-6,33
42849853223,38,14,8,-74,23,-1,-9,-23
42849853223,18,-14,-1,-99,-16,-13,9,40
42849860671,18,1,1,-20,12,-16,-20,-5
42849860671,-20,-8,-12,-29,-3,16,8,-1
42849876618,23,-3,-6,-67,18,-2,-2,8
42849876618,21,5,13,-2,-5,8,18,-1
42849877152,-33,1,14,-16,10,-4,-7,7
42849877152,8,2,10,-22,-2,16,5,1
42849890775,-37,-3,-10,-28,11,2,21,-16
42849890775,-5,-3,0,0,6,-11,-2,-23
42849898188,58,0,2,29,11,-10,-36,-8
42849898188,75,-1,-7,52,12,-29,-2,14
42849913208,3,-13,1,-78,-12,-15,11,11
42849913208,-16,3,-3,32,-35,22,-20,-38
42849920859,28,13,17,78,99,-36,16,9
42849920859,-18,8,33,94,43,-43,-27,-2
42849946051,-3,-6,-2,61,26,-43,-33,-3
42849946051,11,-7,-1,-25,-7,28,33,12
42849946886,-56,-2,-1,-25,-4,19,9,-14
42849946886,-84,-3,-2,-4,-20,3,-32,5
42849950670,-75,3,12,57,11,-19,-4,-16
42849950670,-40,16,-8,-15,8,-19,-14,10
42849958207,-19,-3,-22,-30,1,-14,-17,22
42849958207,-19,1,9,-7,50,28,20,-7
42849974849,-103,-5,-10,-5,-39,-20,-28,-17
42849974849,-11,-9,-19,-46,-21,8,8,-10
42849980845,31,-3,-4,-62,-36,27,19,-20
42849980845,64,4,1,66,29,-8,2,-5
42849996327,70,-6,-32,-5,-29,53,-3,-13
42849996327,60,3,-7,-21,29,62,3,6
42849997178,35,-6,-3,13,-3,35,6,2
42849997178,23,-1,11,37,21,18,-2,7
42850012175,23,-2,2,-33,-55,-1,0,-4
42850012175,-3,-5,-11,43,3,-19,-8,-7
42850018129,-5,0,0,-57,-6,21,19,6
42850018129,-11,3,0,32,49,-19,1,2
42850041743,6,3,4,-4,36,3,4,-7
42850041743,4,5,9,71,0,-31,2,-1
42850048873,-22,2,-3,-3,-33,-22,-9,-9
42850048873,-12,-5,-19,-8,-29,-40,-12,2
42850056379,-7,-1,16,-68,13,7,8,-2
42850056379,0,1,-24,12,12,-19,-11,7
42850057096,-7,-3,-12,-10,-16,2,-4,5
42850057096,-10,1,-10,-128,-57,2,12,3
42850078904,6,-2,16,127,20,16,0,0
42850078904,-9,-11,-5,-78,-59,-22,-4,-8
42850079677,1,5,0,-74,13,28,-2,-4
42850079677,9,2,-4,17,-29,-2,5,-6
42850093236,-17,-4,-5,-39,15,-5,-5,-7
42850093236,-9,-1,7,16,-18,6,-2,-2
42850100714,0,10,17,79,59,4,-6,14
42850100714,-17,-5,-5,-68,-71,-22,9,2
42850117865,13,4,-1,11,-17,5,-1,6
42850117865,11,4,-24,0,-16,6,-6,4
42850118826,-1,-4,18,-1,-19,-12,-4,-7
42850118826,-31,-10,21,-13,5,3,-7,-22
42850130790,0,6,47,54,38,4,4,24
42850130790,3,-5,23,-14,-35,-28,16,-6
42850138211,12,-1,-1,-22,17,8,3,-2
42850138211,22,-1,-10,72,3,21,-11,0
42850153217,21,-3,-21,-36,-14,-13,-13,-21
42850153217,11,5,-1,23,42,0,-14,-3
42850160677,-10,10,-11,3,7,-6,6,20
42850160677,3,7,-11,26,21,4,-6,32
42850176223,-3,-8,-35,-58,-26,-44,37,-28
42850176223,-8,3,6,20,19,77,4,11
42850184087,20,-4,-9,21,-9,-6,10,-49
42850184087,16,-3,-8,-25,-29,-29,13,-8
42850190684,19,-1,-4,12,76,25,-33,-1
42850190684,38,1,16,-35,53,8,18,3
42850198172,56,-11,-10,-42,-39,7,54,21
42850198172,-5,-1,-3,-10,12,-7,-15,23
42850213161,-6,-13,-1,-3,-24,6,10,-28
42850213161,-8,3,7,7,-35,3,5,15
42850220858,-38,0,-1,-4,-18,-2,1,-21
42850220858,-30,-16,-6,2,19,6,41,-8
42850236510,-10,10,-2,10,-30,-6,-27,-81
42850236510,3,3,1,-11,-3,-19,-6,26
42850237237,22,0,-1,19,2,13,-34,-68
42850237237,-24,-12,1,20,-4,16,-8,-41
42850252231,-27,5,-5,6,-32,30,3,46
42850252231,25,-7,-17,-57,-26,-47,-15,22
42850258260,-79,-3,6,6,5,-5,-2,-5
42850258260,18,5,-9,-26,2,25,9,-19
42850273379,-20,-11,17,20,10,-8,1,74
42850273379,16,12,-3,2,22,-42,14,-67
42850288942,-61,-31,-7,19,-20,26,9,52
42850288942,-33,4,3,14,42,40,47,-47
42850296365,110,7,-4,-31,-100,-25,8,124
42850296365,29,0,-1,3,46,-15,6,-23
42850297179,34,12,6,5,23,12,-32,-6
42850297179,-5,3,0,6,43,24,21,22
42850319435,-6,9,10,-12,42,9,-32,-30
42850319435,81,25,14,53,33,-22,-22,-6
42850334760,-50,-3,20,5,33,1,-2,5
42850334760,-15,7,18,16,16,-22,-50,3
42850336191,-34,1,-11,-14,22,16,-23,-67
42850336191,-16,-2,-15,9,-35,-7,25,-44
42850340751,99,-2,3,-11,3,-16,-4,20
42850340751,-71,-43,-8,-69,-11,-23,-32,-4
42850356338,26,3,-2,23,3,-5,-1,-26
42850356338,-87,-21,-10,-23,-20,76,-14,-5
42850357126,50,14,-4,3,-44,-6,12,-7
42850357126,18,-12,-4,-39,2,-16,7,5
42850370825,10,-9,17,56,7,-15,15,-3
42850370825,-98,2,-2,0,25,8,44,59
42850378218,28,12,-14,-28,-4,-28,-3,79
42850378218,84,9,2,31,-6,-9,-10,11
42850394721,9,67,2,4,13,33,25,67
42850394721,-93,-67,15,20,68,67,42,37
42850400705,-72,-35,6,-2,-33,-14,-7,-59
42850400705,94,39,-7,-2,-6,-32,-4,76
42850417161,-19,-14,-18,-14,8,-11,32,33
42850417161,-6,33,12,-7,5,-59,3,-69
42850417818,-12,-8,-17,-38,-56,14,-42,-32
42850417818,42,-1,16,43,-2,14,11,16
42850430869,89,-25,-9,-34,10,-10,-8,6
42850430869,-53,2,2,3,-20,-12,-18,-75
42850438245,59,9,-5,37,16,-39,1,-20
42850438245,68,8,5,-4,42,9,-14,88
42850461449,-33,-4,-12,11,-9,-35,32,-8
42850461449,97,-8,4,-64,-79,27,9,-7
42850462154,21,3,-3,18,27,-31,-27,-43
42850462154,-47,19,-13,-20,-44,-10,-6,-6
42850485626,24,-8,-1,42,-28,-26,-48,-44
42850485626,-96,-20,4,3,48,11,-2,7
42850486553,-15,13,4,31,-6,39,-23,-21
42850486553,-39,-25,-2,-4,-24,5,12,1
42850498900,-38,-5,-8,-24,-9,19,10,-59
42850498900,-14,1,-23,0,-36,-74,3,21
42850499667,18,-1,6,19,35,20,-30,42
42850499667,-9,0,-8,12,24,-26,2,0
42850521561,-17,-9,17,-18,-36,33,0,-36
42850521561,59,13,3,-12,-10,10,-20,20
42850522190,22,-6,-1,2,30,-21,46,9
42850522190,-76,-11,-8,4,-33,-35,-23,-55
42850535818,63,16,-21,-24,-6,-10,-6,12
42850535818,7,-5,-54,20,-1,32,-52,-5
42850543942,104,24,10,-1,-27,22,90,0
42850543942,-72,-22,-5,-17,-29,14,14,-28
42850550693,-1,-9,34,8,-25,-14,-30,16
42850550693,85,9,11,2,20,-31,-3,40
42850566571,-17,-10,19,-10,5,47,6,-10
42850566571,56,3,-6,-14,-31,-16,-1,-32
42850573401,7,-2,23,17,29,9,14,-3
42850573401,28,4,16,-9,6,-8,-11,45
42850589341,-26,-3,-31,-10,-25,-20,-12,20
42850589341,-1,1,6,-8,-8,26,-5,-24
42850606095,-14,-10,-22,7,-16,-52,5,31
42850606095,8,-5,5,-13,-61,59,-10,-16
42850606896,-52,-4,9,-2,-32,-4,-21,-42
42850606896,14,12,-4,12,63,-16,-1,11
42850610688,-28,-8,-6,-1,19,16,-2,-27
42850610688,28,6,-1,-2,12,-42,17,18
42850618307,-15,4,5,24,23,-7,-55,-24
42850618307,53,16,21,23,5,-32,19,38
42850634818,-30,5,-13,4,46,-7,5,12
42850634818,63,19,6,-8,-29,-1,-14,-29
42850640773,-111,-25,-1,9,-2,18,14,-12
42850640773,8,-3,-22,-38,-65,18,14,40
42850664338,37,-8,0,-2,-24,-8,-7,-7
42850664338,-37,7,-1,10,-1,7,-12,10
42850665116,-3,7,-10,0,1,-15,6,20
42850665116,-1,12,8,14,18,12,-18,-17
42850678919,-1,-13,-9,-22,-17,22,-5,5
42850678919,44,-10,-8,8,7,-9,-3,18
42850679702,53,-7,10,-16,-22,39,4,17
42850679702,-9,2,11,-8,-9,67,10,-22
42850693230,-9,-2,-22,-41,-21,-17,1,-2
42850693230,-33,1,23,36,24,21,-13,1
42850700664,-27,-6,-21,6,26,-47,9,21
42850700664,-2,-11,-21,8,-9,-1,14,-17
42850715754,-37,15,24,20,27,4,13,-19
42850715754,-13,-4,1,-11,-10,-3,0,-39
42850723976,5,7,-12,2,53,-22,-38,-2
42850723976,4,-2,1,2,6,5,15,-41
42850738952,12,2,3,-4,16,16,4,19
42850738952,76,3,-6,3,-4,-11,-6,20
42850739665,-90,-16,1,4,-25,-34,16,27
42850739665,14,-17,-11,7,-11,-14,-39,-25
42850753217,2,-12,-6,-30,-12,36,3,-4
42850753217,-8,14,15,8,15,8,27,-13
42850760704,18,11,6,-32,-22,14,20,5
42850760704,7,5,-5,20,-11,-20,-14,28
42850777285,-14,-5,-11,0,-23,27,2,5
42850777285,-8,0,5,1,18,-15,2,7
42850783985,27,3,-8,-5,28,-48,-26,21
42850783985,-9,1,10,49,-11,-9,4,-31
42850807118,2,-3,-2,-5,6,1,-10,9
42850807118,-23,-14,-8,-29,-24,-35,1,10
42850807894,30,17,18,75,70,-18,-7,7
42850807894,25,0,5,-47,32,13,-2,6
42850813251,-29,-12,2,63,-7,-32,4,-1
42850813251,-8,-6,-6,-55,-38,32,-11,1
42850820928,52,-3,-1,26,-37,4,32,13
42850820928,-86,-16,-6,5,67,-21,-48,-85
42850844630,28,-10,-20,-6,-25,21,28,-10
42850844630,-11,-17,-2,-3,50,6,25,18
42850845406,29,6,-14,-26,-31,-24,-10,-6
42850845406,33,13,11,-23,-5,24,17,30
42850858929,-8,0,-4,4,23,-1,-8,6
42850858929,-7,-3,-8,-56,-5,-33,-18,6
42850859694,-2,-5,6,-20,-9,56,34,-2
42850859694,13,11,11,6,23,-26,-6,18
42850873297,-9,10,8,-40,-13,8,0,-8
42850873297,15,2,3,17,3,-23,-8,-3
42850888959,-18,-14,-20,-37,-10,14,-3,-6
42850888959,-3,-3,-8,29,14,-3,-2,18
42850895758,8,-3,1,-39,39,-29,-3,8
42850895758,-12,-4,-1,-33,64,-23,2,-14
42850911387,-11,-1,-2,-25,27,10,-2,-2
42850911387,8,8,-6,9,1,11,-5,15
42850918976,-7,-4,-12,-28,-81,-16,7,3
42850918976,-11,-1,9,43,10,36,2,3
42850919832,-6,4,24,-17,-26,2,-2,-4
42850919832,22,-1,-9,-34,-56,-21,-5,16
42850933449,7,-8,4,-7,-35,8,1,3
42850933449,-1,-9,-15,41,-37,15,-10,10
42850948972,2,4,-2,91,54,6,12,7
42850948972,-10,1,-7,8,-31,2,4,-7
42850955706,1,16,9,18,22,10,-13,6
42850955706,-8,7,-4,78,10,3,5,-1
42850963958,-10,-7,-17,-102,-36,15,8,-2
42850963958,-4,-8,8,73,-44,-6,-1,-4
42850978939,-3,1,0,10,20,8,-6,-7
42850978939,-6,1,-10,-68,-32,1,-1,-7
42850979682,-18,4,-1,8,-37,7,1,-4
42850979682,-25,2,3,-38,20,-1,-2,0
42850993236,-12,5,3,25,-15,9,-4,-3
42850993236,12,6,15,11,3,-12,11,1
42851001448,2,0,6,-19,-12,40,-12,-2
42851001448,30,-3,4,27,10,38,-2,13
42851015875,40,-3,10,-30,-2,-34,0,-2
42851015875,13,-6,0,-17,-11,2,-6,-5
42851023760,33,-14,-1,34,1,-5,-4,-2
42851023760,22,-18,0,-68,9,-25,13,0
42851040429,16,-11,4,78,7,-40,-2,-3
42851040429,35,-10,-11,-73,-17,-54,-1,-7
42851041195,13,-2,0,-24,-1,32,-3,-9
42851041195,-1,4,-8,-22,-12,-5,4,-3
42851054795,-7,1,-13,1,-12,-11,-3,4
42851054795,-7,-1,2,18,-16,-4,10,22
42851061414,-10,-6,-4,52,39,-30,-8,-2
42851061414,-13,-5,-7,-35,-30,-64,5,-39
42851084790,1,1,8,-4,42,86,-26,22
42851084790,-15,5,14,38,23,59,0,4
42851085470,-10,9,0,-15,-36,-10,15,30
42851085470,-11,3,-6,43,43,19,11,-14
42851098888,-22,15,-8,-23,20,5,-15,-39
42851098888,-42,2,-8,11,25,-63,30,-11
42851099698,1,5,-6,5,-14,21,-11,37
42851099698,-15,-5,-6,-28,-48,-54,-14,-37
42851122255,4,-3,-12,7,22,20,-13,18
42851122255,22,13,1,8,8,45,18,-42
42851123057,65,3,7,-5,3,-27,-42,-96
42851123057,26,6,12,-11,-3,17,41,35
42851135780,15,1,5,-18,55,-16,-16,14
42851135780,79,-1,-1,18,-19,-4,16,-20
42851152096,-93,-7,13,-6,-13,-7,-13,32
42851152096,-41,1,12,3,19,28,10,30
42851158952,-67,-4,-9,0,-36,-15,-45,-74
42851158952,-11,-4,-17,-11,33,37,33,-62
42851159762,-6,-2,3,-7,-20,-22,20,54
42851159762,12,-6,2,-22,12,9,-1,52
42851173296,-20,9,4,66,-21,-2,42,73
42851173296,13,4,5,46,44,-15,-64,-20
42851188982,77,-4,-14,-65,-43,36,12,-41
42851188982,30,4,12,-6,97,45,11,-18
42851195767,127,10,9,2,-14,3,3,41
42851195767,-94,-9,3,52,-8,6,-16,64
42851203983,-92,1,-1,-1,-5,-24,10,-23
42851203983,-5,15,-16,13,19,24,-9,-3
42851219523,-23,10,6,-55,-24,2,32,-5
42851219523,7,7,0,-21,16,4,-15,22
42851226627,-12,-11,1,15,6,-37,-16,22
42851226627,39,25,-2,7,11,19,0,-24
42851233358,-62,-38,-10,13,-9,7,4,19
42851233358,18,-3,-8,-16,-39,16,2,-12
42851241477,-9,-4,11,11,14,12,16,59
42851241477,43,9,-3,4,-34,-11,-60,-45
42851255785,7,3,-6,-1,-26,15,19,-68
42851255785,-19,-6,19,-19,-27,-2,12,32
42851263956,22,8,-2,-32,19,13,-6,-5
42851263956,61,-11,-1,8,-16,-8,10,9
42851278940,-97,16,11,2,26,-5,49,81
42851278940,17,34,-9,-5,-11,-12,-42,60
42851279712,-89,-49,-15,0,-22,29,10,-5
42851279712,-28,2,-6,-8,-48,-12,8,27
42851294791,123,1,21,9,25,5,-83,3
42851294791,-108,-26,-21,-2,-2,-23,-11,-86
42851301508,63,-23,10,1,-6,-31,26,41
42851301508,-69,-2,5,6,-11,-12,-23,-6
42851315753,12,14,-8,-28,-17,-44,-4,-41
42851315753,64,45,11,2,64,31,12,24
42851324111,-13,-1,-7,-12,-63,18,17,-74
42851324111,-35,-21,-1,13,-36,-4,-16,-46
42851338940,63,24,6,-9,18,-51,-8,-14
42851338940,-6,-58,4,-28,-23,13,-9,-82
42851339726,-56,12,-7,85,44,13,35,-2
42851339726,21,13,-2,-26,17,12,33,85
42851362106,23,30,-10,-16,-6,-14,22,-29
42851362106,57,7,12,8,43,59,-25,43
42851362881,-14,1,14,-1,-7,2,23,-8
42851362881,-15,-13,-3,33,-10,5,12,7
42851375880,16,0,-13,-10,13,62,5,25
42851375880,-27,-8,-12,-10,-51,-79,-15,-1
42851384123,6,20,2,16,28,17,-4,-27
42851384123,1,-13,9,-9,-7,5,-3,4
42851398950,-11,10,4,-6,-3,-4,12,-25
42851398950,27,-10,2,24,18,9,-3,50
42851399749,15,13,1,-51,-17,-25,-20,12
42851399749,-15,4,1,13,-17,-4,-8,-37
42851413317,-7,-37,-7,-8,-8,-12,6,-43
42851413317,-95,7,-6,7,-12,-18,-7,-33
42851437970,25,0,-16,-15,-1,0,-4,-82
42851437970,23,7,9,-22,6,10,-4,19
42851438762,-115,-31,-11,16,-14,6,11,44
42851438762,101,3,2,-4,-20,9,-2,22
42851444769,21,1,-2,5,39,-31,-1,62
42851444769,-33,-1,-18,8,9,-21,-24,8
42851467240,-9,-15,6,-39,-11,25,28,-18
42851467240,0,14,0,-4,-58,7,14,35
42851468770,0,7,-6,13,8,-22,-42,-33
42851468770,14,2,10,-35,33,19,-12,14
42851473509,-10,-12,-26,-8,-20,-7,23,-83
42851473509,-26,-1,-5,-16,-61,-14,-6,-7
42851488320,81,25,6,6,-25,-15,32,30
42851488320,-76,-20,7,5,24,27,6,17
42851504620,47,-8,4,0,6,-8,-19,58
42851504620,30,0,-2,8,22,-11,9,-35
42851506241,25,-7,6,-5,-21,8,-15,0
42851506241,6,10,-13,0,-9,-20,6,-7
42851518425,-32,-4,-6,6,36,20,4,39
42851518425,-7,3,-3,-12,5,-35,-35,6
42851535498,3,18,11,-14,9,42,-5,-46
42851535498,19,-3,-11,12,-81,-21,-16,6
42851536297,-16,-6,-7,13,59,10,-16,5
42851536297,-3,13,6,-23,27,10,20,-4
42851542290,-16,25,1,1,13,-3,-22,28
42851542290,3,41,6,12,-17,3,-22,-28
42851555773,-15,14,3,-9,-33,0,2,-38
42851555773,-4,-9,-13,4,-28,-44,10,10
42851572364,-4,-20,-2,0,24,-4,16,-27
42851572364,-4,-43,-10,2,-12,-27,4,2
42851578300,33,-17,8,3,-71,7,0,-23
42851578300,-2,-28,-4,8,61,14,15,9
42851611784,-9,-34,-12,-13,-53,-35,-6,-1
42851611784,11,-11,11,3,23,-3,1,-24
42851612582,-5,-11,-6,1,-2,-18,-17,18
42851612582,17,6,22,14,40,6,-3,0
42851616393,-55,-11,-10,-11,2,-4,8,35
42851616393,13,-1,-6,24,15,-42,-10,19
42851617203,36,-7,5,-3,-16,0,-28,34
42851617203,-96,-7,-2,-12,-27,28,11,-58
42851640452,42,8,6,38,16,-19,-18,13
42851640452,12,1,-5,-20,25,8,-15,9
42851641250,8,2,19,3,3,4,14,26
42851641250,25,-5,-2,-18,-23,-4,2,18
42851647249,4,13,-1,11,17,-31,-26,-12
42851647249,33,-2,-6,-21,-50,32,44,-44
42851662090,-9,1,-12,10,44,-44,-28,10
42851662090,-9,-6,-5,2,9,88,29,22
42851663718,-29,-17,-6,-31,-55,46,32,-10
42851663718,19,16,22,17,21,-11,5,20
42851676463,-24,11,3,-6,-8,-7,-16,3
42851676463,8,7,7,7,7,-43,3,3
42851684761,32,35,6,25,31,-4,-24,24
42851684761,19,-5,-15,8,25,-41,-12,-17
42851698305,-30,-8,-2,-28,-20,36,9,-26
42851698305,8,-10,2,-8,-10,-15,-10,-6
42851714787,23,-13,-14,2,19,-28,-9,21
42851714787,7,-24,3,-34,-15,23,20,-19
42851722201,32,10,30,33,-5,-28,-16,-37
42851722201,23,10,-8,5,13,-40,-4,6
42851723817,-14,6,-3,-5,16,2,2,9
42851723817,-23,2,-29,-9,-22,-12,9,-5
42851744689,-9,-4,-14,-11,63,13,13,18
42851744689,-23,-11,-2,-38,-2,21,-1,-7
42851746222,20,-5,-3,53,-17,-19,-10,-15
42851746222,3,-1,6,6,7,13,4,16
42851758304,43,-4,-6,-9,-28,24,8,-4
42851758304,76,-3,-18,-28,6,-2,3,12
42851767442,25,-6,23,19,2,12,4,-13
42851767442,2,-9,-20,-13,-16,-5,-7,-4
42851782342,-29,0,-7,66,-8,-14,1,9
42851782342,-28,0,-9,6,-16,12,5,-4
42851783825,-30,-3,-15,-13,-6,6,-7,1
42851783825,-34,16,37,12,34,25,4,8
42851795760,-8,1,-4,3,-15,-9,8,-7
42851795760,-16,-7,-14,-20,-46,-13,-16,7
42851812233,-18,3,10,82,27,32,7,6
42851812233,-12,-6,-7,-21,4,42,10,-3
42851818366,-6,1,-1,-7,19,-2,15,-10
42851818366,-11,1,19,-4,-8,-14,-7,-6
42851827332,-17,-7,-9,-46,22,9,-16,4
42851827332,-3,-2,5,9,-3,5,6,8
42851849649,12,3,19,14,-9,18,1,-6
42851849649,-2,-7,-16,-20,-16,-22,10,-2
42851851249,-4,-11,-21,-46,-33,6,2,-9
42851851249,5,11,1,-21,21,1,-7,6
42851855755,10,0,-9,-14,-53,-18,0,-4
42851855755,8,14,9,50,28,12,-2,2
42851864793,-2,2,0,0,-1,2,-7,10
42851864793,-11,-1,9,-111,-22,-18,3,10
42851887335,-33,4,-5,-1,-13,-6,-6,-5
42851887335,-37,4,14,80,-12,4,-3,1
42851888835,-41,3,-18,-128,54,23,8,8
42851888835,-62,-9,-18,51,-13,-53,8,4
42851902171,-10,6,7,-58,21,-2,0,-3
42851902171,-12,8,10,57,33,29,-5,12
42851903803,-5,-2,-5,-43,-55,-8,1,7
42851903803,21,-1,-2,-17,14,45,-9,15
42851915831,19,-20,-1,33,32,24,-3,21
42851915831,29,-9,-4,-45,-18,-80,17,8
42851924799,12,-3,8,4,-15,-16,0,-13
42851924799,10,-9,1,-6,0,4,-1,-7
42851938347,6,1,-12,-1,3,0,-2,-8
42851938347,14,0,3,-34,-16,23,3,-5
42851963417,17,22,11,67,32,17,11,-6
42851963417,17,35,1,-43,-22,-15,3,-19
42851969793,5,9,-5,6,39,-39,3,-5
42851969793,4,-7,-13,-58,20,-4,-15,-11
42851971377,16,-11,4,91,-13,21,3,-14
42851971377,0,-22,-2,3,-12,-7,16,8
42851992165,-3,-9,-1,-32,-28,21,-30,-6
42851992165,-5,-8,-6,-12,5,26,25,1
42851993773,-4,-4,-1,-33,16,89,-18,21
42851993773,-4,-26,1,32,58,67,-18,-4
42851998353,-3,-19,-3,44,-32,6,17,2
42851998353,8,6,0,-30,10,12,-4,-5
42852007270,9,95,13,16,-8,-57,-19,-83
42852007270,51,26,-8,17,-25,-16,29,-15
42852022192,3,-13,-1,-21,-17,-20,-3,-32
42852022192,9,-30,1,8,28,50,10,13
42852023698,-4,-31,2,-36,-28,38,3,-45
42852023698,36,15,2,42,-18,-24,-25,16
42852035949,99,3,-3,-31,-14,-20,34,-24
42852035949,84,9,4,-1,-3,30,-26,-29
42852044823,60,-9,-5,-15,-6,-13,41,95
42852044823,-6,-12,-8,-15,-23,1,-23,-9
42852058291,-18,-40,-5,-5,18,7,-13,18
42852058291,-84,5,-7,36,-29,-68,37,2
42852074782,-48,-20,-12,-7,-1,-47,9,-21
42852074782,-59,-12,2,-2,44,25,8,-4
42852097595,-66,9,-1,-19,18,-28,-52,-80
42852097595,-15,11,11,-28,14,-4,-29,2
42852103672,-31,-10,6,43,21,-7,17,-18
42852103672,16,8,1,-2,17,-23,-2,17
42852112114,-62,14,7,46,77,52,-10,-3
42852112114,10,16,5,11,19,-24,-36,-12
42852113766,-45,-4,-7,-22,22,-30,-19,23
42852113766,21,0,-8,16,31,-12,-22,-17
42852127225,46,25,5,16,28,35,22,37
42852127225,43,-9,5,7,16,-3,-8,-14
42852128827,33,-16,-10,1,15,-20,-30,-15
42852128827,-74,-15,23,-17,7,13,32,-16
42852142203,-39,3,12,0,-3,-14,-45,5
42852142203,-10,-10,-10,-29,-58,-49,19,27
42852143858,20,-11,-7,-29,-26,18,14,-21
42852143858,23,2,5,-9,18,4,-10,-8
42852155761,9,2,-14,-31,-68,-40,21,28
42852155761,-4,3,-12,24,-34,10,6,-36
42852164807,24,6,9,15,17,-1,-18,29
42852164807,24,15,-10,-24,-39,-15,10,26
42852178328,2,-7,7,-23,8,6,26,23
42852178328,19,-5,-3,34,-7,-30,-15,-2
42852194791,13,-8,-7,-28,-34,13,24,9
42852194791,-3,-1,4,62,11,1,-40,-45
42852202135,30,8,-18,-19,-6,-36,-7,7
42852202135,-25,-30,1,-30,-30,88,23,-4
42852203826,-32,-14,1,-22,11,-33,5,-93
42852203826,-31,14,5,42,3,26,16,41
42852215824,42,9,1,2,13,-35,6,25
42852215824,-16,1,-5,-3,91,12,-26,3
42852238991,-56,-28,12,54,-12,-21,-9,-1
42852238991,-8,-23,-9,-21,-13,0,14,-40
42852239764,21,28,8,31,33,22,14,62
42852239764,15,4,-24,0,-28,-64,-9,43
42852247419,28,-2,-1,-45,-15,4,-4,-28
42852247419,-7,3,4,-12,-9,6,24,2
42852268827,-4,-8,6,16,-18,12,-24,-19
42852268827,59,12,5,-15,7,-12,2,-7
42852277939,-62,2,-7,54,19,0,13,22
42852277939,4,-9,-3,1,-71,-15,0,14
42852278786,-15,-3,-20,-33,-45,23,13,10
42852278786,-38,-13,-2,0,8,13,5,-30
42852284892,10,6,-5,0,33,-9,10,-16
42852284892,28,9,10,1,-31,-27,2,42
42852298347,-4,-3,1,0,-5,-4,29,-18
42852298347,-3,11,6,-1,-23,1,-5,35
42852313272,15,-18,12,14,-4,-27,23,36
42852313272,-12,14,16,-6,11,-13,-15,10
42852322305,22,9,0,-19,-7,-28,-6,-9
42852322305,27,11,-4,9,31,20,14,-9
42852323958,-22,7,-5,10,50,2,-1,73
42852323958,-53,-23,-25,-22,11,14,21,-78
42852335859,4,-8,7,5,-35,-15,-35,-49
42852335859,5,8,-10,-4,-8,17,40,33
42852344792,21,-11,-8,-22,-44,-3,-53,2
42852344792,24,5,-4,15,16,3,21,75
42852358303,-31,-12,3,-13,-31,54,4,-4
42852358303,-33,-4,-8,-16,47,-39,-19,-44
42852367376,18,7,4,-18,-3,20,-6,64
42852367376,-24,-12,-2,2,30,-29,-26,-47
42852381477,15,1,18,6,16,5,35,-2
42852381477,-17,-14,19,9,-24,41,-10,-13
42852388374,1,-2,-23,-8,-14,-2,4,-14
42852388374,21,7,-16,-16,-2,-20,-7,-25
42852395789,-35,6,12,11,52,-31,-14,15
42852395789,-36,-6,-1,-7,-28,-9,-3,1
42852404833,4,9,33,18,32,32,4,-13
42852404833,14,-10,-45,-44,-51,-13,-12,-11
42852418418,1,-9,-17,-2,-18,-17,11,-5
42852418418,-13,-7,-4,2,25,23,-29,5
42852427450,31,13,13,-15,-13,-13,1,13
42852427450,3,-2,16,11,12,12,-23,-40
42852441550,-13,-3,-4,3,1,10,19,38
42852441550,15,5,-3,29,-22,-17,-43,-11
42852448326,9,-1,-20,-21,-24,-6,29,-17
42852448326,21,9,26,1,0,41,-22,-31
42852455821,9,15,-2,7,55,-20,38,27
42852455821,4,15,-2,19,-17,8,-4,-5
42852472395,-5,9,-7,-12,-11,-24,-9,2
42852472395,-7,0,15,3,32,3,26,4
42852479009,1,-15,-13,-13,-29,-4,-4,-15
42852479009,2,2,15,15,-15,-20,13,4
42852486039,4,6,2,10,21,-11,5,-4
42852486039,-13,-6,16,-43,5,57,-13,10
42852509681,-4,-1,-65,-24,-47,-16,-6,-11
42852509681,-15,-3,-6,-16,-19,8,19,6
42852511248,-6,-3,6,23,-12,-1,-11,-13
42852511248,0,-10,6,22,14,-13,-1,19
42852515785,-11,-5,24,3,-18,2,-27,-24
42852515785,-6,1,-6,-20,34,25,12,-11
42852547829,8,4,2,-7,-26,-17,-10,53
42852547829,5,7,1,14,-39,-12,-17,7
42852548592,1,-4,-6,12,48,16,-4,10
42852548592,-6,-7,0,-10,-10,9,18,3
42852550252,5,8,4,-10,27,-9,-7,-22
42852550252,4,1,-6,24,-51,-33,-7,8
42852561182,-2,6,10,-4,50,-4,-48,9
42852561182,4,2,11,67,-54,-28,14,7
42852577477,4,-10,-18,-18,-11,7,-18,11
42852577477,-4,-11,0,-34,-32,39,39,-4
42852584755,-8,11,30,-17,-32,13,12,-18
42852584755,18,6,-34,35,42,-11,-11,-7
42852586302,-37,-13,-9,-9,-7,21,15,-1
42852586302,-2,-12,-30,6,29,-15,4,12
42852614726,1,-4,3,-2,0,14,5,-17
42852614726,12,14,22,16,71,-63,-35,-19
42852616368,-4,0,5,-6,11,30,32,5
42852616368,0,-1,-9,-2,4,-18,-8,4
42852621630,-7,-5,1,-4,-2,0,-16,14
42852621630,6,-5,-5,8,-4,16,8,16
42852628360,-3,-12,-12,3,-20,-32,0,-10
42852628360,-9,-5,-5,-52,-47,56,43,19
42852644742,-1,-6,-26,-3,-4,-20,-2,-19
42852644742,-6,-2,4,-35,-30,17,5,10
42852646403,14,13,24,3,22,24,-18,-9
42852646403,1,4,6,-35,0,-17,-5,1
42852658971,1,5,-9,33,16,-49,-32,-18
42852658971,-25,-14,5,-59,-60,93,54,-5
42852665818,3,0,-5,-8,6,-39,-4,-17
42852665818,11,11,6,50,62,-10,-15,4
42852681682,-2,-16,-6,-27,-16,24,4,7
42852681682,-7,-7,2,-25,-20,-29,-2,7
42852688397,15,7,-2,-13,21,-35,-27,-4
42852688397,0,11,-12,73,-24,32,11,10
42852704708,2,11,3,-30,-6,-13,3,0
42852704708,-15,-13,-2,-4,-16,0,0,-3
42852706395,10,12,28,6,-4,26,0,-3
42852706395,-11,-14,-13,-20,13,-53,-12,-8
42852719034,10,19,18,72,15,-5,0,1
42852719034,-11,-17,-29,-41,-46,18,22,-8
42852725992,-6,-10,-28,-15,-14,25,5,-5
42852725992,2,7,12,20,20,-4,-12,-6
42852741301,-7,-10,3,2,25,32,15,1
42852741301,4,2,27,40,17,-1,-3,-22
42852749817,3,-7,1,10,-4,41,15,103
42852749817,-2,3,-11,-17,-15,-28,4,31
42852764682,-22,-11,-1,-10,-4,12,-4,-106
42852764682,12,13,22,-35,16,-31,-16,-75
42852766448,11,-3,-23,111,16,8,-2,-91
42852766448,-24,-16,-13,-66,-37,13,32,-51
42852779033,10,-2,-15,5,-28,-16,9,23
42852779033,16,15,19,61,48,3,-4,4
42852785954,1,6,1,-82,-35,-16,-5,-9
42852785954,6,2,-20,21,29,-15,-37,33
42852801978,91,-10,11,-41,-30,-37,7,23
42852801978,-86,0,12,22,18,-65,4,52
42852809822,-13,-8,14,-1,23,-38,-24,-12
42852809822,10,9,21,44,37,-23,-5,24
42852824734,-15,1,3,-17,-9,21,0,-17
42852824734,55,3,-10,-7,29,23,-6,20
42852826383,-18,-2,7,25,-10,14,6,-18
42852826383,16,5,-11,-35,2,11,9,1
42852838368,20,6,2,42,23,19,-25,42
42852838368,-2,-8,-3,-52,-46,-19,29,17
42852854844,-16,-7,-4,-14,-21,4,-2,-9
42852854844,24,3,12,-1,10,37,0,4
42852861520,-22,4,-3,46,-2,-24,17,14
42852861520,-7,-1,-7,-13,-8,-11,-17,-10
42852868492,2,-6,-4,-4,-10,-16,11,4
42852868492,-13,12,-1,-37,-5,-16,-11,-8
42852885507,-28,4,-6,-8,-6,33,3,13
42852885507,-31,-2,-27,-31,-14,-10,-14,0
42852886972,-32,-21,0,2,-12,38,17,3
42852886972,-16,-6,36,25,19,14,-16,-25
42852898403,-79,-10,8,-9,4,17,15,-1
42852898403,-18,4,5,25,-2,25,-1,9
42852907421,-33,12,3,-12,-3,-19,-18,-13
42852907421,-7,-18,-29,-3,-4,-21,-1,6
42852921652,19,1,11,24,13,14,1,-9
42852921652,38,7,-13,-3,9,-1,-11,-2
42852935890,45,14,2,5,1,-2,-1,17
42852935890,26,6,-3,35,19,12,-12,6
42852944737,22,-9,-8,-33,-7,-16,14,-1
42852944737,26,-9,0,-7,-6,19,-14,-9
42852946386,17,-9,1,4,-19,-42,12,4
42852946386,14,-1,14,19,-4,8,26,-6
42852958342,13,-6,-19,-8,-1,15,-9,-1
42852958342,20,0,-8,13,18,3,-5,-7
42852967577,9,-5,-12,-48,-28,-21,-2,-4
42852967577,-1,-7,6,11,-15,-20,0,-7
42852982101,42,3,-2,27,-6,0,2,1
42852982101,33,2,3,-5,-11,-31,-3,-16
42852989867,24,9,-7,-3,-2,-13,7,18
42852989867,-32,8,10,0,5,-21,13,-15
42853004731,-60,4,-4,-24,-12,-29,-9,-3
42853004731,19,4,-10,8,0,80,-13,12
42853006413,-39,13,2,-1,32,54,9,2
42853006413,19,6,-7,9,9,7,-22,40
42853027244,10,8,-3,-4,4,14,12,-47
42853027244,2,-7,-9,5,19,27,37,18
42853028822,2,-14,2,10,-1,-17,-7,22
42853028822,13,1,23,28,18,5,-22,1
42853042206,-27,-6,7,-1,2,5,-12,-9
42853042206,-39,-21,-9,-17,-31,-26,0,-30
42853048452,-35,-18,-29,-38,-21,-27,3,-30
42853048452,-22,2,14,3,-1,5,16,19
42853064709,-2,5,10,-9,-18,4,22,23
42853064709,-13,3,17,7,10,7,-27,-1
42853066256,39,12,6,28,32,34,26,-26
42853066256,30,-11,-16,-16,-25,-18,-58,49
42853078415,57,-10,-10,-8,-6,-2,66,-8
42853078415,-105,3,-5,25,34,17,-51,-37
42853087428,0,10,1,-9,-18,26,10,-16
42853087428,27,4,0,2,26,4,30,23
42853101554,12,-9,13,-3,9,2,-20,17
42853101554,21,2,12,-4,0,-19,-37,-48
42853108379,8,6,1,-1,15,-20,-26,29
42853108379,-55,9,-1,7,-23,-11,9,-32
42853132356,45,-13,-22,2,-12,-34,-3,30
42853132356,-33,-25,-20,-1,14,1,-3,-4
42853133864,8,34,14,12,-8,3,-53,-59
42853133864,-11,9,0,-6,8,36,3,-19
42853138480,7,-1,7,0,-20,-4,-38,0
42853138480,76,-11,2,-8,8,5,68,-32
42853147383,-62,-16,-8,12,0,9,-48,-11
42853147383,18,-2,-3,2,-4,-18,13,-11
42853161469,-35,-2,12,2,12,2,-49,-6
42853161469,-1,-6,14,-7,4,18,-15,16
42853168479,19,8,16,-13,-21,-1,53,98
42853168479,16,-1,-15,-4,-3,1,-22,-55
42853184850,-11,0,-11,-14,-12,6,49,60
42853184850,1,-2,-25,-43,-47,-67,1,43
42853186273,-27,-37,-5,27,35,17,-3,-87
42853186273,-56,36,12,-5,1,13,-37,76
42853198364,19,16,-29,22,17,73,-17,-15
42853198364,-10,2,3,9,14,32,24,9
42853207442,78,-4,-2,-19,-15,-54,4,11
42853207442,0,-31,-10,-12,-22,20,6,-64
42853221704,19,8,4,-12,43,32,-29,-53
42853221704,35,5,10,8,-13,-24,74,87
42853228397,-31,-19,0,15,-4,5,-28,-31
42853228397,91,17,9,-11,2,14,19,-22
42853244792,-5,7,1,-2,-1,-9,-44,8
42853244792,42,4,-8,13,-9,2,-27,-32
42853246377,38,-17,-8,-36,15,8,33,5
42853246377,-51,-20,-4,20,3,7,11,31
42853258438,-95,18,19,-2,-6,31,6,-50
42853258438,25,8,-3,-39,15,18,-19,53
42853267463,-51,1,-11,6,-28,-9,-14,-19
42853267463,-30,3,17,3,3,-20,24,-34
42853281580,47,-9,-3,25,9,34,7,16
42853281580,-60,-24,4,-1,-2,54,-12,-68
42853288297,42,43,12,-10,0,23,61,68
42853288297,-46,-32,-20,-9,6,11,-38,-55
42853304687,73,16,16,14,25,-8,17,-26
42853304687,-52,13,-1,24,-3,-15,-49,26
42853306309,29,-5,0,-19,-29,-26,23,-4
42853306309,57,-25,-2,9,-1,4,18,14
42853318496,-24,-2,-2,13,11,15,-10,-40
42853318496,49,-32,-3,-15,-13,-51,-23,8
42853327549,16,14,2,20,12,-2,22,16
42853327549,-111,33,8,-7,1,-16,-19,-66
42853341543,24,35,-13,-13,-33,-45,20,46
42853341543,112,-63,-9,8,1,4,-14,-108
42853348404,-74,100,40,38,45,62,9,96
42853348404,-68,-42,-33,-44,-29,-77,76,67
42853380179,-128,101,31,3,-19,-42,-65,-83
42853380179,41,-8,-35,2,-30,-19,49,78
42853387876,3,-36,-13,14,25,-9,15,-109
42853387876,127,-16,-12,-3,-17,2,50,106
42853388687,-101,69,16,19,13,-9,27,-17
42853388687,39,-56,-23,-34,24,31,53,-57
42853390307,-58,87,45,15,-21,-5,25,-20
42853390307,19,38,-20,15,4,51,-63,-128
42853409736,-6,-102,-39,-54,-12,-30,-89,-44
42853409736,-99,127,78,41,9,2,-49,29
42853411364,118,-128,-77,-35,-10,-45,41,97
42853411364,-128,73,25,5,27,98,65,-56
42853424248,67,30,-40,-2,-34,-90,-62,-33
42853424248,-113,51,26,18,29,24,-58,59
42853431024,24,-32,1,-21,-9,78,-29,90
42853431024,3,-65,-25,2,-18,-35,-2,-58
42853447254,-65,45,30,27,27,-10,62,100
42853447254,33,-57,-50,-17,-33,-58,31,10
42853448819,-48,88,21,8,24,29,-21,-26
42853448819,11,-98,-56,-51,-55,-51,-71,-61
42853461477,11,54,55,1,25,-7,57,-21
42853461477,56,-14,-20,6,10,2,-13,-78
42853475993,-82,71,38,41,9,0,-14,-60
42853475993,127,-97,-20,14,8,-52,-27,98
42853484236,79,-87,-19,-17,0,53,40,-30
42853484236,-9,92,42,28,14,1,15,-106
42853490894,127,-93,-23,-13,-32,-17,4,21
42853490894,35,-19,22,7,36,10,-10,127
42853498420,103,47,40,22,0,29,52,66
42853498420,114,-60,-37,4,-10,26,8,-83
42853514894,-10,-89,-14,-18,5,-6,-25,44
42853514894,16,70,56,29,18,12,-71,-51
42853521779,25,-108,-42,-35,-19,-16,-6,111
42853521779,-126,-8,14,-7,7,-6,67,-14
42853528488,-93,117,10,9,-11,-16,-64,-76
42853528488,-13,-31,-28,-24,-14,-4,-22,-91
42853552256,-42,-14,9,-8,-31,23,2,-14
42853552256,-89,20,28,16,56,31,-27,21
42853553859,39,-88,-22,-8,-3,9,5,-22
42853553859,-94,-11,15,-17,-12,15,38,58
42853567368,-33,-28,-20,18,-23,3,-12,-25
42853567368,23,15,1,15,8,-3,7,68
42853568942,-8,-17,-2,-3,24,-10,-6,-28
42853568942,-5,127,20,35,-1,30,17,-4
42853581585,-10,105,-9,-86,-11,7,6,-29
42853581585,22,104,-3,88,26,-15,-14,24
42853588383,-26,127,-3,-51,-23,-27,-12,-24
42853588383,-2,17,-3,-14,-4,-17,10,-15
42853604110,4,-111,-11,-2,19,-7,-20,-1
42853604110,-3,-66,15,-55,-119,-51,-1,28
42853610923,-2,-52,1,10,4,7,4,-16
42853610923,16,-22,2,-3,41,-19,10,22
42853627372,-1,-50,0,43,9,-33,-1,2
42853627372,7,-36,-9,-11,15,0,3,22
42853628921,8,-45,-8,22,-76,-11,-3,-13
42853628921,8,-58,-14,-26,-128,0,-8,-6
42853657269,-16,-33,-14,1,-127,15,0,-10
42853657269,-6,-43,-19,2,-89,2,-2,-10
42853658893,15,-16,16,14,109,-2,-4,13
42853658893,5,13,34,4,127,0,-11,10
42853664045,3,11,13,-9,103,6,7,0
42853664045,11,34,4,-22,54,-4,6,20
42853670942,-1,6,-8,-4,-17,-7,-6,-26
42853670942,-2,27,3,11,-34,-6,4,-4
42853687282,2,15,8,20,20,6,11,-9
42853687282,24,11,-5,-35,-47,-4,-6,14
42853688872,-17,13,2,2,-42,3,-3,-6
42853688872,-11,13,-6,-13,-35,-12,10,0
42853709745,1,-2,-8,-10,-29,-2,-17,-1
42853709745,-13,2,-4,-15,17,3,3,0
42853711382,3,6,1,-30,-16,9,3,4
42853711382,7,1,10,-9,-14,-6,0,-3
42853724234,-19,-15,0,-5,1,1,-4,5
42853724234,-2,-2,-2,4,-3,-1,-1,-4
42853731024,-13,7,-12,16,-10,2,-5,-1
42853731024,7,0,-8,10,-11,9,2,-3
42853754734,7,-4,-2,15,-3,5,6,9
42853754734,0,4,5,8,3,1,5,6
42853756440,1,0,-6,12,-2,-3,-5,-5
42853756440,-5,8,0,9,15,-1,7,-1
42853761552,-1,1,-6,3,-5,2,-3,-14
42853761552,-3,1,-4,5,-15,-12,-4,-3
42853768512,8,-1,3,-5,3,-6,-2,-16
42853768512,-1,3,1,-2,-10,-5,-2,-4
42853792298,0,-1,1,0,14,-4,-5,-3
42853792298,-10,-10,-8,3,-33,3,-2,3
42853793864,-3,-2,-3,3,-1,-4,0,1
42853793864,-6,1,-10,7,5,1,3,11
42853806577,-4,2,7,13,-34,-3,-3,-2
42853806577,3,3,0,-8,45,6,1,1
42853807424,4,6,6,17,-19,-4,-5,-11
42853807424,4,10,4,2,37,12,-2,3
42853829099,-6,-7,-21,7,-9,17,6,-4
42853829099,-11,-1,-13,-3,2,3,-2,-9
42853829845,-1,0,-2,7,4,1,-11,2
42853829845,0,5,20,-24,7,-5,12,4
42853844888,-5,1,1,-34,-1,2,-2,0
42853844888,-2,-5,20,0,-2,-8,-1,3
42853859058,3,-4,-10,28,23,-9,-1,-4
42853859058,-1,-1,-3,-12,-45,-2,-6,-6
42853866753,7,-6,7,13,17,-8,0,2
42853866753,0,-5,-1,15,-5,5,-2,3
42853867448,2,-2,9,-18,13,-4,1,9
42853867448,-1,0,0,23,-23,-5,-6,1
42853882469,0,5,-3,-10,19,3,2,6
42853882469,0,1,-4,17,38,0,0,-8
42853895929,6,-1,-11,-17,-11,-2,2,-10
42853895929,0,-5,-13,3,-27,-1,-3,-2
42853904924,-4,-3,-1,0,13,-9,-4,-5
42853904924,1,5,1,1,46,1,0,1
42853910890,0,1,22,9,-29,-4,1,1
42853910890,-1,8,-26,16,21,4,3,5
42853928061,7,-3,1,-37,-39,-15,-4,3
42853928061,-8,-7,0,24,11,-18,-3,0
42853928899,-4,-1,0,41,-2,31,-1,-1
42853928899,1,-3,-16,-33,-33,4,-3,-3
42853942393,5,-4,4,22,-18,-3,10,-6
42853942393,1,-1,5,-12,15,18,1,2
42853948434,1,2,9,-20,3,-8,-5,-3
42853948434,-1,-3,12,25,19,-2,-2,3
42853964891,0,-9,-10,-3,1,1,0,-1
42853964891,-5,-9,4,-31,-25,-3,0,-4
42853970966,-6,-6,0,21,49,-2,3,0
42853970966,-1,3,7,-24,-14,-5,-1,-2
42853986559,-5,5,-18,-11,-4,-8,-2,-5
42853986559,-2,8,-4,4,-25,1,-1,-2
42853987421,-3,-2,-13,-12,9,0,0,1
42853987421,0,-1,-4,7,17,-3,-1,1
42854002418,-2,3,8,3,16,0,-3,0
42854002418,6,-7,3,-11,-39,4,1,1
42854008444,6,-10,-9,-12,-18,0,0,-6
42854008444,-2,1,11,-18,8,-2,-1,-1
42854033078,1,4,20,-5,15,3,-1,4
42854033078,-3,-4,-10,10,30,7,-2,-1
42854033907,-2,-5,-3,-10,7,-5,4,1
42854033907,-3,-6,-15,-2,0,4,2,-5
42854046578,-5,-7,-8,4,8,0,0,-7
42854046578,-6,1,-5,-7,-16,-9,-2,0
42854047422,3,2,-3,-10,21,1,-1,11
42854047422,9,10,9,10,-15,2,1,-2
42854062409,6,1,-3,6,17,1,-3,-1
42854062409,4,2,12,1,8,10,2,-10
42854068440,-3,-5,-7,-27,-17,-3,-2,-6
42854068440,-5,-3,14,31,8,-2,-4,2
42854083577,-6,-1,4,-7,-8,1,1,1
42854083577,-3,1,-4,-21,-10,-15,-2,-4
42854090954,0,-3,-6,-2,-19,-5,-1,-8
42854090954,-6,-4,-17,41,36,19,3,-2
42854108031,1,2,-12,30,25,3,1,-2
42854108031,5,-5,0,2,-20,-22,-5,1
42854108842,0,5,0,-17,-7,0,7,0
42854108842,2,0,3,-30,-17,-11,-5,1
42854122575,-9,2,10,22,-29,3,-2,4
42854122575,1,5,-8,-15,21,2,0,14
42854136663,0,-3,-8,-11,-22,-4,-5,-1
42854136663,2,-2,5,13,60,-17,1,0
42854143372,0,1,4,2,57,16,-2,-8
42854143372,-3,4,5,2,-7,-2,-1,-4
42854150935,2,3,9,26,13,9,3,-3
42854150935,10,6,-7,-15,-62,-6,-3,-1
42854166707,0,1,-6,-13,-38,-8,-1,10
42854166707,-2,-3,3,12,-18,6,4,5
42854167564,-8,-7,0,7,-25,-2,-5,-3
42854167564,-5,-6,-4,-18,-45,6,0,-7
42854182474,6,-3,-5,4,-50,2,5,-7
42854182474,3,2,-13,21,-11,4,-4,-3
42854188483,-2,1,0,-9,-17,-3,3,4
42854188483,4,-3,5,-13,-11,-11,2,3
42854211639,-4,-6,3,-24,-21,3,-1,-9
42854211639,-5,-3,4,37,46,4,3,2
42854212404,-1,2,-5,-1,-16,12,0,4
42854212404,-8,-2,-6,-20,12,-7,-2,-4
42854226650,-1,-3,1,1,0,-11,-6,-1
42854226650,2,2,9,-14,-37,1,-1,-5
42854227411,16,0,12,-3,62,-6,-10,3
42854227411,-11,1,-11,5,34,17,10,-4
42854242423,-1,6,-6,11,51,-2,-11,-1
42854242423,-14,-5,-7,-19,14,-2,-1,-12
42854248439,-8,-5,1,-18,-23,-6,-8,-18
42854248439,2,-3,6,20,-31,6,15,-3
42854263394,-4,-7,2,8,32,-17,-1,0
42854263394,3,1,4,13,46,5,6,9
42854271093,5,5,0,-15,-40,-10,-7,-20
42854271093,-3,2,9,-1,37,9,-7,-1
42854286014,-6,-8,-8,3,-5,2,6,8
42854286014,-2,-2,-12,-3,-23,-2,3,9
42854293415,1,-2,3,10,-5,-2,9,13
42854293415,-3,3,-1,-10,26,2,-5,-5
42854309045,6,5,16,-33,-2,2,-4,-1
42854309045,-2,-10,10,54,-7,3,2,-11
42854309848,6,7,-5,17,64,7,12,6
42854309848,-15,-11,-17,-10,-20,-6,-7,-8
42854323600,7,4,-10,-14,-46,-1,-4,-7
42854323600,2,2,-9,-6,39,4,-5,0
42854331048,-2,-1,2,0,27,-36,3,5
42854331048,25,7,7,13,8,55,-1,8
42854347424,-15,-3,5,-8,9,0,5,10
42854347424,3,4,6,-21,-68,-1,3,16
42854353455,-15,0,-3,7,-25,-5,0,14
42854353455,-4,-1,-9,-32,1,-17,-7,3
42854362422,10,6,-5,4,7,5,-6,-3
42854362422,4,-9,-6,-12,-18,2,5,-1
42854384981,-12,1,4,11,54,17,-1,-2
42854384981,10,-4,10,-7,-22,-25,-3,2
42854386425,1,-7,4,2,1,7,5,-5
42854386425,6,4,-8,-7,15,-9,-7,-3
42854390910,8,3,-7,2,-12,7,2,-1
42854390910,-6,-5,-5,-23,-24,-21,-12,6
42854405936,6,-4,3,-9,14,-5,24,5
42854405936,-13,-11,-7,-15,-7,-12,-11,-12
42854413436,-1,-12,1,-28,-6,66,-5,3
42854413436,1,-1,1,77,0,1,-5,-15
42854430615,-6,-7,-12,7,15,-3,11,5
42854430615,3,-1,-9,-32,-26,10,4,3
42854431422,2,-1,7,-8,-53,-10,-1,-6
42854431422,-5,3,14,3,39,-10,-7,9
42854451589,0,12,6,29,-18,-6,-2,-2
42854451589,-4,7,-7,25,16,-7,1,-9
42854452399,7,-1,-9,-35,-14,14,-2,-4
42854452399,6,-2,2,17,32,-30,13,1
42854465922,1,0,9,30,17,-19,-8,-2
42854465922,2,-9,7,-40,-33,14,-3,0
42854473599,-3,4,-4,59,59,-10,-5,4
42854473599,-9,-7,-6,-16,-21,3,1,2
42854489098,-9,-2,-6,20,18,6,-9,-9
42854489098,-8,1,6,-79,-52,6,-2,-2
42854489913,-5,-3,6,-12,-112,-16,-3,-6
42854489913,6,-1,-23,-27,48,21,6,6
42854503409,7,6,10,32,52,-4,-11,3
42854503409,1,2,5,-29,-84,-12,12,2
42854519269,-5,-8,-49,-10,-23,3,1,-6
42854519269,-1,2,1,-23,-7,-8,-1,-8
42854526040,-9,-7,-16,-76,-113,11,-4,-10
42854526040,-1,3,-2,12,91,-16,-6,1
42854533624,-4,-2,3,12,-43,-19,-4,2
42854533624,-5,3,0,-30,-20,10,0,-5
42854549052,5,4,-2,-21,30,6,7,6
42854549052,-2,1,3,-1,7,-9,-4,1
42854549857,6,-3,1,-2,46,0,-3,-5
42854549857,2,-5,0,47,-40,-3,4,-6
42854563399,5,5,19,-39,-49,-15,-4,1
42854563399,-4,8,0,30,34,20,0,-6
42854571030,-8,3,11,-21,31,-16,4,-23
42854571030,7,4,-16,-22,59,8,5,9
42854586013,-2,-2,-11,-9,13,47,-7,-2
42854586013,4,-5,1,36,15,-34,-5,5
42854593419,1,3,-19,52,35,9,-1,5
42854593419,-5,5,9,35,4,15,-8,-3
42854609119,2,-5,3,14,43,38,11,3
42854609119,2,0,14,-7,63,11,2,-4
42854609882,3,-1,5,80,-52,-9,-2,4
42854609882,-3,-4,1,9,-19,-11,-2,-8
42854625021,-6,-4,-13,-4,-43,5,-8,-8
42854625021,3,-3,-2,19,-10,12,5,3
42854631006,-1,-1,11,-77,-36,-11,-8,7
42854631006,-10,-13,-16,-23,-80,-13,8,-4
42854645915,12,-7,0,4,20,-7,2,-6
42854645915,-6,-3,-6,-63,-58,-9,-6,0
42854653429,-8,-5,24,82,26,5,2,5
42854653429,-2,5,-17,-19,9,-18,-9,-1
42854669104,9,6,-6,-10,-4,-21,1,-11
42854669104,-8,-4,-6,41,13,1,-6,-2
42854669859,10,10,-6,-70,32,16,9,14
42854669859,10,18,40,31,49,26,5,11
42854691645,-7,4,16,35,26,-14,5,9
42854691645,6,-2,-14,-9,-6,-5,-4,-5
42854692396,-8,-2,-3,8,-25,-6,-9,-2
42854692396,-5,0,-2,-13,-36,14,-5,4
42854705932,16,7,1,29,16,-12,12,18
42854705932,-5,-15,9,5,7,0,9,4
42854713423,-20,-17,-7,-40,-1,-9,-23,-13
42854713423,7,-5,-8,-6,-19,-24,-10,-14
42854730639,-16,-6,-8,-8,-29,-7,17,16
42854730639,34,10,1,10,-27,0,5,18
42854731510,-9,-4,13,-2,-5,-3,-17,2
42854731510,-6,-12,-10,-24,41,1,5,2
42854743432,5,-4,-5,-20,31,-3,1,-4
42854743432,12,-2,-1,-4,4,-1,7,27
42854759146,4,-3,-10,-100,-58,-17,20,-8
42854759146,-22,3,8,72,45,-4,5,-2
42854765932,15,-5,-9,-25,19,-13,-11,4
42854765932,-4,-3,-3,6,26,10,-1,-48
42854773520,27,-2,-1,31,107,12,6,13
42854773520,56,28,-1,-12,22,9,-3,6
42854789731,-52,13,-4,10,-38,6,-8,-13
42854789731,-25,24,-1,6,-44,10,-14,-3
42854790531,-4,5,3,46,11,5,11,5
42854790531,-9,-9,17,-1,-32,11,13,-4
42854803473,34,-4,3,7,-28,-11,-1,6
42854803473,-17,-13,3,-2,-34,-1,-16,-14
42854810968,-14,31,3,47,41,9,10,2
42854810968,24,40,-2,-23,-46,-14,2,4
42854834338,-6,-9,-15,3,-35,3,-7,-17
42854834338,-28,-21,-4,-24,-23,6,0,-1
42854834913,31,-45,-12,16,44,-3,-3,18
42854834913,23,-29,-14,0,-25,-3,-15,-5
42854849130,33,-1,1,-59,-22,8,4,-1
42854849130,-77,-44,-2,27,48,17,-7,1
42854849910,34,-23,1,41,-40,-12,-16,-38
42854849910,-53,-37,-6,-22,20,-3,-1,11
42854863456,-44,-25,-2,2,0,5,-8,0
42854863456,91,35,-5,-11,-23,-13,-4,12
42854871132,-37,-5,1,-33,-25,1,5,1
42854871132,7,27,8,14,-6,-5,-3,-8
42854886093,-12,-7,-7,14,-15,-11,-6,-16
42854886093,-10,0,-8,7,-3,-39,-3,-5
42854901626,12,10,-8,-20,-22,43,6,4
42854901626,8,-11,-2,5,48,5,8,-8
42854909106,-12,3,12,12,-12,-10,-3,3
42854909106,13,3,0,-18,-35,-29,2,-5
42854909850,-9,9,0,2,24,-18,2,2
42854909850,-13,-16,6,-14,-19,5,-11,2
42854923610,6,-2,-17,8,-51,-16,2,6
42854923610,-21,17,5,-4,4,38,-3,13
42854931091,-2,5,-12,54,-35,-8,3,-4
42854931091,-21,-1,3,-27,-16,-6,4,4
42854945936,44,13,7,-5,27,4,6,-10
42854945936,-1,-26,-7,-14,36,6,-19,-14
42854953400,-73,-3,0,-22,-35,-28,9,-17
42854953400,21,-11,-8,8,-14,7,4,9
42854969174,6,-4,-7,-25,-62,-9,-9,-10
42854969174,48,0,-2,-13,45,-1,8,4
42854970054,6,9,18,12,15,-3,-3,-3
42854970054,16,-6,-7,2,-44,-7,-4,-9
42854983512,-3,5,12,-29,23,-1,-1,-2
42854983512,-8,3,-3,66,15,6,9,3
42854990981,17,2,-12,1,-1,4,5,3
42854990981,-11,-12,-8,-41,-20,-3,-5,-2
42855007468,-9,-9,1,92,27,17,10,11
42855007468,30,19,-5,-66,-27,2,4,3
42855013440,-48,-25,2,-8,2,-10,-7,14
42855013440,-33,-18,1,0,60,10,5,13
42855028912,-2,5,2,7,45,0,2,-15
42855028912,-19,-6,-6,6,-31,3,-5,2
42855036667,50,21,-7,-24,-14,-20,-3,9
42855036667,7,6,4,-2,-22,5,4,-1
42855043474,-15,-10,8,26,12,-4,-4,2
42855043474,21,19,19,44,32,0,6,-4
42855050938,-4,1,-8,-44,-28,9,-1,-8
42855050938,-35,8,0,6,6,-1,2,-8
42855074064,25,8,-10,5,-33,-8,-7,-3
42855074064,-16,11,7,41,25,4,2,7
42855074858,-3,-3,1,-21,-17,-2,-4,-4
42855074858,57,4,-25,-49,-3,1,-7,-1
42855088477,-94,-21,9,-18,2,-10,-2,-16
42855088477,33,5,6,5,-7,5,2,7
42855096634,1,1,17,-51,38,0,-3,4
42855096634,13,3,-34,-12,2,20,-6,2
42855111594,18,10,31,39,48,4,0,8
42855111594,-23,-18,-5,31,-8,-21,-2,2
42855112394,12,13,32,11,27,27,-4,-3
42855112394,-15,3,-35,8,-42,-10,2,-1
42855125899,2,1,-30,-44,-10,6,-3,15
42855125899,-18,-14,55,25,-10,-3,5,-2
42855141686,17,-4,-52,-49,-32,0,-8,-9
42855141686,2,8,34,23,34,-14,3,-6
42855149097,5,4,10,40,12,10,-4,-4
42855149097,11,6,-23,-2,-9,15,2,-5
42855149895,13,-2,9,12,26,1,2,9
42855149895,-6,-9,3,-11,-22,-7,-6,9
42855163428,17,6,4,-9,23,-2,3,8
42855163428,-1,2,-2,-36,-11,-5,-4,-6
42855171117,-10,3,7,27,-10,-4,0,-6
42855171117,-15,8,3,39,-8,1,5,2
42855186097,8,0,-18,-33,-24,-2,-8,10
42855186097,-7,-3,-13,44,27,0,15,-5
42855193448,17,0,4,11,-15,8,-1,10
42855193448,-30,-1,32,20,-4,-17,-8,-4
42855209164,-13,14,-13,-23,-58,-9,-6,-4
42855209164,-1,-18,-16,-13,46,9,7,6
42855209937,-35,14,-10,-9,14,13,-22,7
42855209937,22,-8,5,-17,-8,-29,14,-3
42855224994,4,-11,1,-9,-5,24,-11,13
42855224994,-7,9,4,16,0,-31,0,1
42855231040,6,-5,-6,4,9,8,5,-7
42855231040,25,13,9,47,11,10,3,-14
42855245993,-40,-21,-11,-11,3,2,-3,-21
42855245993,6,1,-16,-39,-50,4,-5,-4
42855253475,16,3,7,33,60,-10,9,13
42855253475,-4,6,-5,-12,-69,6,-16,-7
42855268619,7,-3,7,38,100,-7,21,6
42855268619,27,13,11,48,-11,-6,-13,0
42855285016,-29,-8,-1,-33,-40,-8,6,0
42855285016,16,9,13,7,27,13,-7,-12
42855286452,-24,-16,-10,15,-24,0,0,-5
42855286452,-44,0,-16,-92,-30,-6,12,-5
42855290987,76,-10,-10,94,13,-2,-23,-7
42855290987,-86,27,16,57,55,-2,18,26
42855305973,1,-8,-13,-15,-48,1,-17,-16
42855305973,46,-17,-11,-5,21,-4,7,-10
42855321736,-88,-10,-30,-26,-71,-6,-9,-14
42855321736,11,-34,-45,4,74,-23,10,-25
42855328514,-3,8,-17,-33,-74,24,-19,-3
42855328514,48,5,-24,19,-7,-7,3,2
42855336707,-28,-10,10,-25,48,0,8,-7
42855336707,6,-10,15,-10,-36,-10,1,11
42855351635,-8,13,32,-1,37,18,-12,10
42855351635,5,4,34,-32,-38,-17,-11,1
42855352373,14,12,31,-1,40,12,9,4
42855352373,-7,-12,-22,-16,4,11,-8,2
42855365943,18,3,13,-25,9,-21,12,-1
42855365943,-7,3,2,-29,-54,4,-6,4
42855373538,11,-4,4,-30,-19,-7,10,-7
42855373538,-12,-12,7,-13,-8,18,-10,-2
42855388462,42,4,-3,-44,-6,-14,6,3
42855388462,12,18,-9,26,4,-14,-3,-1
42855396614,-38,-8,0,26,-10,5,6,10
42855396614,-27,-14,6,-13,-26,3,-25,-6
42855403488,-10,-7,-12,-13,-20,-6,10,-2
42855403488,23,0,0,-24,-19,4,-17,-2
42855410970,24,11,-2,17,32,-6,14,0
42855410970,13,-21,5,-6,10,5,7,-14
42855425957,-8,5,4,9,0,-12,-1,3
42855425957,22,34,4,-3,23,13,-1,10
42855433444,67,-21,10,6,-12,4,-9,-3
42855433444,-79,-42,-6,-25,-46,2,7,-4
42855448427,-1,7,-4,-3,30,-8,-2,4
42855448427,-19,-13,4,20,50,14,10,0
42855456617,28,23,-8,-25,-20,-11,-3,1
42855456617,23,22,2,1,-36,4,2,5
42855471611,13,-11,14,74,87,3,3,-4
42855471611,2,-1,-7,-12,-27,0,0,2
42855472373,-15,-5,-7,-7,31,-1,0,0
42855472373,-13,8,-14,-9,-54,-12,-18,0
42855485967,59,5,-5,9,-63,-14,20,-8
42855485967,-40,-19,11,59,21,16,-5,-7
42855494167,-18,-6,-3,-24,-45,2,-1,-5
42855494167,81,32,4,-38,5,-9,-1,9
42855508428,-86,-36,-3,22,-28,-1,2,-27
42855508428,-17,-3,2,8,-20,6,4,11
42855516653,18,18,-6,-20,-36,-12,-7,-3
42855516653,30,18,17,26,55,-6,23,18
42855539845,49,18,6,-4,56,23,-3,-4
42855539845,-28,-12,7,27,28,-36,0,9
42855540578,-5,14,0,6,19,9,15,18
42855540578,97,1,-5,5,20,6,-1,13
42855545991,-51,-19,-6,-7,-21,0,2,1
42855545991,-27,-14,2,-21,-2,7,-3,-14
42855554121,12,-2,-3,-19,-27,-2,-9,5
42855554121,4,8,11,35,6,-5,-2,-2
42855568498,26,4,-11,-5,-12,-8,-3,8
42855568498,-40,14,-6,-20,-9,5,-3,-7
42855576584,15,-18,-10,-26,-78,1,-1,-1
42855576584,-48,3,20,25,31,1,-4,-6
42855599819,32,2,-27,4,-1,-1,-3,0
42855599819,-23,-9,2,-15,-44,9,-1,0
42855600579,78,-17,7,-17,95,5,12,10
42855600579,-44,-13,-14,29,-31,-2,-27,-29
42855605923,17,1,1,-13,-7,-76,-8,13
42855605923,54,15,-10,-3,-10,72,14,-3
42855614158,47,4,9,-5,-42,99,23,10
42855614158,-36,-15,-5,-11,18,80,-51,-25
42855628428,22,6,-3,-66,-6,70,13,-3
42855628428,79,32,3,42,-7,-28,-24,-13
42855636619,-117,-19,2,18,-41,-67,-2,-3
42855636619,-9,0,-8,-27,45,-12,21,6
42855651591,-33,5,1,36,6,-25,-21,3
42855651591,58,-5,-1,-33,2,-29,12,9
42855652367,-35,17,0,2,-17,-9,-15,-7
42855652367,49,10,8,4,-14,-33,18,-13
42855667483,101,35,0,-12,-3,3,-2,11
42855667483,-97,-60,-14,-16,-5,-1,-8,-17
42855674135,-49,18,1,71,42,2,-20,-11
42855674135,37,-1,-16,-74,15,-8,25,12
42855688514,-81,-54,11,61,23,0,-23,-20
42855688514,54,27,-5,-66,-23,-2,0,4
42855696593,31,-26,5,-97,107,-6,13,-3
42855696593,29,33,6,4,-94,-18,23,-5
42855711618,-22,2,3,-14,15,-2,-15,13
42855711618,-49,-17,-8,28,35,-42,-3,-2
42855712396,3,9,-7,22,36,33,-2,-6
42855712396,-11,0,-3,-44,-43,-17,-3,5
42855725984,-11,2,11,77,-33,2,7,-3
42855725984,-23,-11,10,-2,14,-17,4,-1
42855734169,31,12,14,0,-13,-6,-14,11
42855734169,-11,-19,-19,63,-13,15,-3,11
42855748477,-11,12,9,-89,2,28,13,2
42855748477,3,8,66,21,11,-13,-1,6
42855756618,-14,-7,-112,-47,-87,10,-2,-19
42855756618,-19,7,53,34,30,12,-10,5
42855772023,0,4,13,20,34,1,13,6
42855772023,-6,-4,-27,57,31,24,0,-6
42855779160,0,-3,30,25,-3,-14,-6,3
42855779160,-27,-13,-37,-5,-83,-27,-5,-10
42855785959,17,4,-10,-23,52,-30,3,0
42855785959,-1,-8,-10,-2,41,28,0,2
42855801665,-10,2,25,34,-31,-18,2,-9
42855801665,3,8,-7,-14,15,-14,-3,0
42855808428,-17,4,12,32,-32,3,-5,-2
42855808428,-11,-6,-25,-20,-29,5,12,6
42855816676,-17,-4,-6,-13,-8,-5,-7,-1
42855816676,17,-3,10,-22,36,-3,3,-2
42855839844,9,9,0,-6,-10,5,7,-4
42855839844,-1,-19,-6,-29,-19,10,3,-4
42855840589,-5,2,15,16,15,4,-5,-3
42855840589,-18,-10,-2,-2,-31,-2,0,-1
42855845940,14,11,-5,3,21,-2,4,7
42855845940,6,-26,-17,10,7,-8,-7,24
42855854181,38,7,4,10,-78,-6,-4,-11
42855854181,25,-9,-3,-9,-7,6,5,13
42855868652,6,5,-8,-10,-16,-9,4,16
42855868652,53,13,-1,-2,40,-14,-24,3
42855876802,-69,-27,7,55,60,-11,9,12
42855876802,-21,16,3,-37,15,32,-7,-35
42855891730,2,-7,7,-8,46,-7,-18,-12
42855891730,-12,11,10,17,-12,30,11,5
42855892429,11,12,17,-54,57,-21,12,20
42855892429,-32,-10,-13,15,-2,30,5,4
42855905999,-17,17,1,22,-5,6,14,10
42855905999,24,-25,4,46,-63,-15,-5,-18
42855914172,-34,9,1,-35,-22,11,-2,-11
42855914172,7,3,1,64,63,-9,11,22
42855928549,12,7,-5,-37,-5,-11,-5,0
42855928549,-96,-27,-6,-24,-56,12,17,-45
42855936470,79,15,10,26,13,-24,18,33
42855936470,30,-3,-10,-4,-6,21,-3,1
42855951663,47,-5,-15,-14,-49,16,-10,1
42855951663,-50,7,-5,-28,-4,0,-13,-7
42855952494,-2,-7,14,97,2,4,2,-13
42855952494,-15,3,0,-25,-28,-9,-6,-4
42855965979,25,6,18,37,49,1,0,11
42855965979,14,4,-3,-56,47,-22,2,13
42855974338,-8,-3,0,-21,-84,20,0,-11
42855974338,31,-1,-15,-16,22,-1,-5,13
42855988545,-28,-21,-20,-25,-38,-14,-1,-17
42855988545,61,13,13,59,-8,-9,-4,-7
42855996680,9,6,2,11,76,13,3,-2
42855996680,-6,-8,4,-12,-1,-15,0,-6
42856011666,-1,-11,-12,-10,-6,4,3,-7
42856011666,9,4,-3,-60,-23,3,7,10
42856012520,42,8,0,46,-29,-5,-13,5
42856012520,-14,3,15,-4,19,-15,-6,-2
42856026156,-39,-31,-2,2,-29,15,7,-5
42856026156,27,26,2,3,73,11,2,11
42856034239,-20,-16,-19,-30,-92,-13,-1,-13
42856034239,-12,0,3,1,6,-6,-5,-14
42856048508,-2,15,-1,29,-56,-33,-4,0
42856048508,-2,4,3,4,-11,28,6,-23
42856056700,16,2,-7,-61,-9,21,-8,-5
42856056700,-20,-12,1,61,-2,-7,6,-4
42856071807,3,-1,0,-19,-1,-14,-10,0
42856071807,5,0,2,8,30,-11,-4,11
42856072541,0,-4,0,-41,47,-25,6,0
42856072541,17,8,0,40,-60,15,2,1
42856086011,2,3,1,-7,-6,9,-1,-10
42856086011,1,14,4,-1,-28,-25,-3,10
42856094218,-8,-1,6,29,0,0,7,2
42856094218,2,-2,-1,-14,35,-10,-10,15
42856117529,-19,-12,-5,-5,-47,9,0,0
42856117529,-3,3,2,9,39,9,-3,2
42856118147,3,3,-32,-37,-37,3,-13,-4
42856118147,34,5,-5,-5,4,2,7,6
42856131834,-46,-8,-5,-14,-31,14,-1,-14
42856131834,8,4,13,43,87,15,7,9
42856132514,21,-18,9,36,15,-26,7,-12
42856132514,4,-4,0,-34,-37,6,-11,-5
42856145994,5,0,-3,20,57,9,-1,-21
42856145994,-17,0,-11,-23,-128,-24,-4,8
42856154166,-12,9,1,17,62,-53,5,-5
42856154166,5,4,0,-12,-10,9,-2,4
42856168607,6,-1,10,-15,6,1,6,6
42856168607,-25,-10,2,-9,-48,-4,-2,-10
42856184230,11,0,2,0,3,13,-7,1
42856184230,-6,-4,-4,-26,25,2,7,-1
42856191007,6,4,3,27,40,5,-2,2
42856191007,0,0,-5,-23,-58,0,10,-6
42856200005,28,4,4,4,-3,8,-10,3
42856200005,-30,0,-8,-15,27,2,0,1
42856206049,70,-7,-2,-13,-23,-3,-1,10
42856206049,-56,11,14,88,93,11,2,-1
42856214992,89,6,-3,-9,5,-5,-12,4
42856214992,-48,-34,1,-73,27,-9,-8,-10
42856228668,-18,4,-2,87,20,-2,-8,-11
42856228668,95,15,-8,-21,21,-13,-26,0
42856237553,3,3,10,-6,-9,17,2,-12
42856237553,-60,-60,-13,29,-14,0,-23,-23
42856250990,74,18,-1,-51,13,-3,7,16
42856250990,63,-6,-1,14,-33,12,-15,-16
42856260004,-51,-7,-2,7,-3,-10,-26,-42
42856260004,32,21,4,4,2,4,20,12
42856266015,-55,-2,-1,-7,-17,22,3,-17
42856266015,-16,5,-7,2,31,-19,5,-6
42856275099,-15,1,-6,-12,-14,8,2,-11
42856275099,-12,-1,-5,-3,-91,-3,16,-27
42856288504,-11,27,6,0,76,-15,-13,-10
42856288504,-46,-46,-4,-17,10,13,4,19
42856297509,52,4,16,14,-27,17,1,35
42856297509,-34,-1,-3,-15,-56,-11,4,11
42856310988,28,-3,-9,-41,11,14,2,13
42856310988,-54,-27,-12,-41,-48,-5,5,8
42856320198,2,3,11,94,84,8,18,25
42856320198,54,18,-4,23,35,-1,6,16
42856326189,18,7,-1,-12,-34,-4,6,10
42856326189,-3,4,-12,-37,-5,-8,-4,-19
42856335083,-27,-6,-3,-12,-43,16,8,-5
42856335083,38,17,18,25,46,-6,2,13
42856348488,-34,-23,-2,-19,3,-17,0,3
42856348488,13,8,12,18,12,7,2,5
42856357528,-38,-6,-15,-36,20,6,4,8
42856357528,12,-2,-7,6,-4,-18,-9,2
42856371134,-12,-5,-2,-1,-53,11,6,10
42856371134,6,2,-16,-18,-10,-19,-9,2
42856379989,-11,-4,8,21,-3,-1,-16,17
42856379989,66,21,9,-21,-11,-9,42,3
42856394874,-39,-30,-1,-16,-32,12,-18,-12
42856394874,0,16,-2,22,10,8,8,0
42856396537,-20,-5,-1,-20,13,1,16,6
42856396537,16,4,-5,-46,47,-2,-14,0
42856408523,-48,-6,5,13,-22,-2,13,-6
42856408523,2,6,1,-17,24,9,3,-6
42856417625,-26,-9,-6,-65,-7,-6,-2,-5
42856417625,15,10,6,5,-7,18,-20,11
42856431153,46,-3,-4,-5,9,-4,17,17
42856431153,15,0,3,-2,-5,-19,-13,5
42856440062,30,8,-14,-30,-40,0,0,-8
42856440062,-49,-7,-7,33,-36,12,-9,-1
42856453960,23,8,3,2,18,-8,1,1
42856453960,-44,-3,1,-18,-74,-11,1,8
42856462545,4,-2,4,21,62,-11,3,-13
42856462545,-7,1,-1,10,57,10,5,3
42856468490,11,-3,3,14,-13,-3,-20,-6
42856468490,15,2,7,-21,-55,2,5,3
42856477690,-10,-2,0,2,2,2,-1,-15
42856477690,-20,-6,-3,24,-2,7,-5,5
42856499889,-11,7,-6,-28,10,-13,0,-2
42856499889,14,-3,-6,-3,-21,10,6,-8
42856501490,-15,2,7,33,52,8,0,-6
42856501490,11,0,3,-15,-50,-4,-7,-14
42856514893,-6,-6,-12,-3,-22,-3,-4,-7
42856514893,2,5,-8,-8,46,1,0,0
42856516592,-11,-14,-6,-23,20,-3,1,6
42856516592,24,4,4,0,1,-15,1,0
42856528609,-12,11,9,10,15,8,6,0
42856528609,68,26,14,33,34,-6,1,4
42856537522,-91,-31,-7,-4,-12,-16,-24,-7
42856537522,51,3,3,27,-22,26,21,-2
42856551085,-53,-6,-3,27,36,5,-12,-23
42856551085,40,-7,-6,-17,24,1,-5,0
42856560012,-11,7,-3,1,-54,-12,7,-4
42856560012,-3,-6,-3,-10,-27,-13,-4,10
42856575077,4,3,-9,6,32,-17,-11,13
42856575077,0,16,10,37,70,15,19,5
42856576642,33,14,-6,-37,-62,11,-1,15
42856576642,-81,-23,8,-3,29,9,-12,-11
42856597426,34,15,5,-4,-29,-2,25,-17
42856597426,35,4,-2,-1,30,33,-13,27
42856599011,-59,5,-1,-1,-8,-26,1,-2
42856599011,-93,-16,-7,14,-1,48,21,20
42856611033,93,4,5,-42,-79,-29,-25,1
42856611033,-125,-27,-12,10,48,39,-22,-96
42856620142,46,-22,15,29,57,20,1,83
42856620142,40,39,0,2,101,-28,-2,-93
42856634879,-104,22,-34,6,-1,25,2,19
42856634879,89,-27,16,4,-33,-55,24,29
42856636499,127,82,-15,-5,16,41,15,11
42856636499,-107,-55,-9,-20,-105,-28,-36,-12
42856648557,70,31,34,27,37,-5,-21,45
42856648557,-2,10,-1,-72,-45,-11,-4,4
42856657567,-26,-27,1,-1,-16,5,3,-18
42856657567,85,18,-1,2,-70,-2,-4,25
42856671230,-27,-11,-10,55,-7,-3,8,-21
42856671230,-39,-29,-17,-93,-72,-3,-3,-2
42856680062,18,-5,11,98,42,-2,-9,-21
42856680062,7,5,-22,-71,57,3,1,12
42856694676,-20,-26,38,-20,-34,9,2,-4
42856694676,-33,3,-41,74,5,-5,-3,0
42856702562,-28,5,-13,-128,-2,1,0,-25
42856702562,16,8,10,106,-44,-27,-7,0
42856708520,1,-14,-9,-40,31,1,14,0
42856708520,20,15,28,89,52,17,4,13
42856717576,-35,-2,11,71,0,-10,-13,-29
42856717576,11,2,5,-49,40,3,15,29
42856731033,26,-7,-8,1,49,-14,-5,-10
42856731033,-16,2,-10,-27,-58,-10,-6,-16
